id,scenario,startdate,enddate,status,userlanguage,consent,role0_do_1,role0_do_2,role0_do_3,role0_do_4,role1_do_1,role1_do_2,role1_do_3,role1_do_4,role2_do_1,role2_do_2,role2_do_3,role2_do_4,role3_do_1,role3_do_2,role3_do_3,role3_do_4,role4_do_1,role4_do_2,role4_do_3,role4_do_4,right,like,trust,loyal,rely,friend,boss,spouse,potus,role5_do_1,role5_do_2,role5_do_3,role5_do_4,age,female,liberal,serious,squo,fl_100_do_fl_99,fl_100_do_fl_101,fl_102_do_fl_103,fl_102_do_fl_104,fl_105_do_fl_106,fl_105_do_fl_107,fl_108_do_fl_110,fl_108_do_fl_111,fl_112_do_fl_113,fl_112_do_fl_114,fl_116_do_fl_117,fl_116_do_fl_118,fl_33_do_caseyscenario1protzkome,fl_33_do_brianscenario2mergeshan,fl_33_do_joescenario3mergeshanno,fl_33_do_bethscenario4mergeshann,fl_33_do_sophiescenario5mergesha,fl_33_do_markscenario6mergeshann,caseyscenario1protzkomerge_do_ca,v126,caseyscenario1protzkomerge_do_re,v128,caseyscenario1protzkomerge_do_lo,caseyscenario1protzkomerge_do_tr,caseyscenario1protzkomerge_do_q2,v132,caseyscenario1protzkomerge_do_li,caseyscenario1protzkomerge_do_ro,caseyscenario1protzkomerge_do_ri,brianscenario2mergeshannon_do_q2,brianscenario2mergeshannon_do_ri,brianscenario2mergeshannon_do_li,brianscenario2mergeshannon_do_tr,brianscenario2mergeshannon_do_lo,brianscenario2mergeshannon_do_re,brianscenario2mergeshannon_do_ro,v143,v144,v145,v146,joescenario3mergeshannon_do_q305,joescenario3mergeshannon_do_q306,joescenario3mergeshannon_do_righ,joescenario3mergeshannon_do_like,joescenario3mergeshannon_do_q301,joescenario3mergeshannon_do_loya,joescenario3mergeshannon_do_rely,joescenario3mergeshannon_do_q303,joescenario3mergeshannon_do_q304,joescenario3mergeshannon_do_role,joescenario3mergeshannon_do_trus,bethscenario4mergeshannon_do_q31,bethscenario4mergeshannon_do_rig,bethscenario4mergeshannon_do_lik,bethscenario4mergeshannon_do_tru,v162,v163,bethscenario4mergeshannon_do_loy,v165,bethscenario4mergeshannon_do_rel,bethscenario4mergeshannon_do_rol,v168,sophiescenario5mergeshannon_do_r,sophiescenario5mergeshannon_do_l,v171,sophiescenario5mergeshannon_do_t,sophiescenario5mergeshannon_do_q,v174,v175,v176,v177,v178,v179,markscenario6mergeshannon_do_lik,markscenario6mergeshannon_do_tru,markscenario6mergeshannon_do_q33,v183,v184,markscenario6mergeshannon_do_rig,markscenario6mergeshannon_do_rel,v187,v188,markscenario6mergeshannon_do_loy,markscenario6mergeshannon_do_rol
1,0,9/27/2022 11:06,9/27/2022 11:20,0,EN,1,1,2,3,4,2,3,1,4,1,2,3,4,2,1,3,4,1,3,4,2,0,6,2,3,4,3,4,4,3,2,4,3,1,22,1,0,1,0,1,,,1,,1,,1,1,,,1,4,6,2,3,1,5,,6,7,,8,3,1,,4,5,2,1,2,5,3,7,8,4,6,,,,,6,2,5,1,7,8,,,3,4,,2,5,4,6,,7,,8,3,1,2,7,5,4,,6,,,3,1,8,4,5,,,,2,8,1,6,7,3
1,1,9/27/2022 11:06,9/27/2022 11:20,0,EN,1,1,2,3,4,2,3,1,4,1,2,3,4,2,1,3,4,1,3,4,2,0,6,2,2,3,3,4,3,3,2,4,3,1,22,1,0,1,1,1,,,1,,1,,1,1,,,1,4,6,2,3,1,5,,6,7,,8,3,1,,4,5,2,1,2,5,3,7,8,4,6,,,,,6,2,5,1,7,8,,,3,4,,2,5,4,6,,7,,8,3,1,2,7,5,4,,6,,,3,1,8,4,5,,,,2,8,1,6,7,3
1,2,9/27/2022 11:06,9/27/2022 11:20,0,EN,1,1,2,3,4,2,3,1,4,1,2,3,4,2,1,3,4,1,3,4,2,1,6,2,3,3,4,4,3,3,2,4,3,1,22,1,0,1,1,1,,,1,,1,,1,1,,,1,4,6,2,3,1,5,,6,7,,8,3,1,,4,5,2,1,2,5,3,7,8,4,6,,,,,6,2,5,1,7,8,,,3,4,,2,5,4,6,,7,,8,3,1,2,7,5,4,,6,,,3,1,8,4,5,,,,2,8,1,6,7,3
1,3,9/27/2022 11:06,9/27/2022 11:20,0,EN,1,1,2,3,4,2,3,1,4,1,2,3,4,2,1,3,4,1,3,4,2,0,6,2,4,3,4,4,3,3,2,4,3,1,22,1,0,1,1,1,,,1,,1,,1,1,,,1,4,6,2,3,1,5,,6,7,,8,3,1,,4,5,2,1,2,5,3,7,8,4,6,,,,,6,2,5,1,7,8,,,3,4,,2,5,4,6,,7,,8,3,1,2,7,5,4,,6,,,3,1,8,4,5,,,,2,8,1,6,7,3
1,4,9/27/2022 11:06,9/27/2022 11:20,0,EN,1,1,2,3,4,2,3,1,4,1,2,3,4,2,1,3,4,1,3,4,2,1,6,6,4,4,4,4,4,4,2,4,3,1,22,1,0,1,0,1,,,1,,1,,1,1,,,1,4,6,2,3,1,5,,6,7,,8,3,1,,4,5,2,1,2,5,3,7,8,4,6,,,,,6,2,5,1,7,8,,,3,4,,2,5,4,6,,7,,8,3,1,2,7,5,4,,6,,,3,1,8,4,5,,,,2,8,1,6,7,3
1,5,9/27/2022 11:06,9/27/2022 11:20,0,EN,1,1,2,3,4,2,3,1,4,1,2,3,4,2,1,3,4,1,3,4,2,2,6,6,3,3,3,4,3,4,2,4,3,1,22,1,0,1,1,1,,,1,,1,,1,1,,,1,4,6,2,3,1,5,,6,7,,8,3,1,,4,5,2,1,2,5,3,7,8,4,6,,,,,6,2,5,1,7,8,,,3,4,,2,5,4,6,,7,,8,3,1,2,7,5,4,,6,,,3,1,8,4,5,,,,2,8,1,6,7,3
2,0,9/27/2022 11:21,9/27/2022 11:26,0,EN,1,2,4,1,3,3,1,4,2,2,3,4,1,2,4,1,3,1,3,2,4,0,6,2,3,2,2,2,2,2,1,3,2,4,22,1,0,1,1,,1,1,,,1,1,,1,,1,,4,1,5,6,3,2,6,,7,,8,5,1,,3,4,2,1,2,5,4,7,8,3,,,6,,,6,2,4,1,7,8,,,3,5,,2,4,3,,6,7,,8,5,1,2,7,4,5,,6,,,3,1,8,4,3,6,,,2,8,1,,7,5
2,1,9/27/2022 11:21,9/27/2022 11:26,0,EN,1,2,4,1,3,3,1,4,2,2,3,4,1,2,4,1,3,1,3,2,4,0,6,6,2,3,3,4,3,3,1,3,2,4,22,1,0,1,0,,1,1,,,1,1,,1,,1,,4,1,5,6,3,2,6,,7,,8,5,1,,3,4,2,1,2,5,4,7,8,3,,,6,,,6,2,4,1,7,8,,,3,5,,2,4,3,,6,7,,8,5,1,2,7,4,5,,6,,,3,1,8,4,3,6,,,2,8,1,,7,5
2,2,9/27/2022 11:21,9/27/2022 11:26,0,EN,1,2,4,1,3,3,1,4,2,2,3,4,1,2,4,1,3,1,3,2,4,1,7,7,3,3,4,4,4,4,1,3,2,4,22,1,0,1,1,,1,1,,,1,1,,1,,1,,4,1,5,6,3,2,6,,7,,8,5,1,,3,4,2,1,2,5,4,7,8,3,,,6,,,6,2,4,1,7,8,,,3,5,,2,4,3,,6,7,,8,5,1,2,7,4,5,,6,,,3,1,8,4,3,6,,,2,8,1,,7,5
2,3,9/27/2022 11:21,9/27/2022 11:26,0,EN,1,2,4,1,3,3,1,4,2,2,3,4,1,2,4,1,3,1,3,2,4,0,6,2,4,4,3,4,3,4,1,3,2,4,22,1,0,1,0,,1,1,,,1,1,,1,,1,,4,1,5,6,3,2,6,,7,,8,5,1,,3,4,2,1,2,5,4,7,8,3,,,6,,,6,2,4,1,7,8,,,3,5,,2,4,3,,6,7,,8,5,1,2,7,4,5,,6,,,3,1,8,4,3,6,,,2,8,1,,7,5
2,4,9/27/2022 11:21,9/27/2022 11:26,0,EN,1,2,4,1,3,3,1,4,2,2,3,4,1,2,4,1,3,1,3,2,4,1,6,7,3,3,5,4,5,4,1,3,2,4,22,1,0,1,0,,1,1,,,1,1,,1,,1,,4,1,5,6,3,2,6,,7,,8,5,1,,3,4,2,1,2,5,4,7,8,3,,,6,,,6,2,4,1,7,8,,,3,5,,2,4,3,,6,7,,8,5,1,2,7,4,5,,6,,,3,1,8,4,3,6,,,2,8,1,,7,5
2,5,9/27/2022 11:21,9/27/2022 11:26,0,EN,1,2,4,1,3,3,1,4,2,2,3,4,1,2,4,1,3,1,3,2,4,2,6,6,4,4,3,4,3,3,1,3,2,4,22,1,0,1,0,,1,1,,,1,1,,1,,1,,4,1,5,6,3,2,6,,7,,8,5,1,,3,4,2,1,2,5,4,7,8,3,,,6,,,6,2,4,1,7,8,,,3,5,,2,4,3,,6,7,,8,5,1,2,7,4,5,,6,,,3,1,8,4,3,6,,,2,8,1,,7,5
3,0,9/27/2022 12:56,9/27/2022 13:02,0,EN,1,2,1,4,3,4,2,1,3,1,3,2,4,4,2,3,1,1,2,3,4,0,7,6,4,3,6,5,6,4,1,3,4,2,22,0,-2,1,0,1,,1,,1,,1,,1,,1,,6,2,4,5,1,3,,,7,,8,3,1,6,5,4,2,1,2,4,3,7,8,5,,,6,,,,2,3,1,7,8,6,,5,4,6,2,4,5,,,7,,8,3,1,2,7,3,4,,6,,,5,1,8,4,3,,,6,2,8,1,,7,5
3,1,9/27/2022 12:56,9/27/2022 13:02,0,EN,1,2,1,4,3,4,2,1,3,1,3,2,4,4,2,3,1,1,2,3,4,0,2,2,3,3,3,3,3,3,1,3,4,2,22,0,-2,1,0,1,,1,,1,,1,,1,,1,,6,2,4,5,1,3,,,7,,8,3,1,6,5,4,2,1,2,4,3,7,8,5,,,6,,,,2,3,1,7,8,6,,5,4,6,2,4,5,,,7,,8,3,1,2,7,3,4,,6,,,5,1,8,4,3,,,6,2,8,1,,7,5
3,2,9/27/2022 12:56,9/27/2022 13:02,0,EN,1,2,1,4,3,4,2,1,3,1,3,2,4,4,2,3,1,1,2,3,4,1,7,7,2,2,5,6,5,6,1,3,4,2,22,0,-2,1,0,1,,1,,1,,1,,1,,1,,6,2,4,5,1,3,,,7,,8,3,1,6,5,4,2,1,2,4,3,7,8,5,,,6,,,,2,3,1,7,8,6,,5,4,6,2,4,5,,,7,,8,3,1,2,7,3,4,,6,,,5,1,8,4,3,,,6,2,8,1,,7,5
3,3,9/27/2022 12:56,9/27/2022 13:02,0,EN,1,2,1,4,3,4,2,1,3,1,3,2,4,4,2,3,1,1,2,3,4,1,7,7,2,3,6,5,6,5,1,3,4,2,22,0,-2,1,0,1,,1,,1,,1,,1,,1,,6,2,4,5,1,3,,,7,,8,3,1,6,5,4,2,1,2,4,3,7,8,5,,,6,,,,2,3,1,7,8,6,,5,4,6,2,4,5,,,7,,8,3,1,2,7,3,4,,6,,,5,1,8,4,3,,,6,2,8,1,,7,5
3,4,9/27/2022 12:56,9/27/2022 13:02,0,EN,1,2,1,4,3,4,2,1,3,1,3,2,4,4,2,3,1,1,2,3,4,1,6,6,3,3,5,6,3,4,1,3,4,2,22,0,-2,1,0,1,,1,,1,,1,,1,,1,,6,2,4,5,1,3,,,7,,8,3,1,6,5,4,2,1,2,4,3,7,8,5,,,6,,,,2,3,1,7,8,6,,5,4,6,2,4,5,,,7,,8,3,1,2,7,3,4,,6,,,5,1,8,4,3,,,6,2,8,1,,7,5
3,5,9/27/2022 12:56,9/27/2022 13:02,0,EN,1,2,1,4,3,4,2,1,3,1,3,2,4,4,2,3,1,1,2,3,4,1,7,7,3,3,5,5,5,5,1,3,4,2,22,0,-2,1,0,1,,1,,1,,1,,1,,1,,6,2,4,5,1,3,,,7,,8,3,1,6,5,4,2,1,2,4,3,7,8,5,,,6,,,,2,3,1,7,8,6,,5,4,6,2,4,5,,,7,,8,3,1,2,7,3,4,,6,,,5,1,8,4,3,,,6,2,8,1,,7,5
4,0,9/27/2022 13:19,9/27/2022 13:24,0,EN,1,4,1,2,3,2,3,4,1,3,4,2,1,3,4,1,2,2,1,3,4,1,7,8,4,4,3,3,5,1,2,1,4,3,29,1,0,1,0,1,,,1,,1,1,,,1,1,,4,3,5,2,1,6,,6,7,,8,5,1,,3,4,2,1,2,5,3,7,8,4,6,,,,,6,2,5,1,7,8,,,4,3,6,2,3,5,,,7,,8,4,1,2,7,5,3,6,,,,4,1,8,3,5,,,6,2,8,1,,7,4
4,1,9/27/2022 13:19,9/27/2022 13:24,0,EN,1,4,1,2,3,2,3,4,1,3,4,2,1,3,4,1,2,2,1,3,4,1,2,7,4,2,5,3,7,2,2,1,4,3,29,1,0,1,1,1,,,1,,1,1,,,1,1,,4,3,5,2,1,6,,6,7,,8,5,1,,3,4,2,1,2,5,3,7,8,4,6,,,,,6,2,5,1,7,8,,,4,3,6,2,3,5,,,7,,8,4,1,2,7,5,3,6,,,,4,1,8,3,5,,,6,2,8,1,,7,4
4,2,9/27/2022 13:19,9/27/2022 13:24,0,EN,1,4,1,2,3,2,3,4,1,3,4,2,1,3,4,1,2,2,1,3,4,1,2,8,2,2,7,7,7,1,2,1,4,3,29,1,0,1,1,1,,,1,,1,1,,,1,1,,4,3,5,2,1,6,,6,7,,8,5,1,,3,4,2,1,2,5,3,7,8,4,6,,,,,6,2,5,1,7,8,,,4,3,6,2,3,5,,,7,,8,4,1,2,7,5,3,6,,,,4,1,8,3,5,,,6,2,8,1,,7,4
4,3,9/27/2022 13:19,9/27/2022 13:24,0,EN,1,4,1,2,3,2,3,4,1,3,4,2,1,3,4,1,2,2,1,3,4,1,6,6,3,3,7,7,7,3,2,1,4,3,29,1,0,1,0,1,,,1,,1,1,,,1,1,,4,3,5,2,1,6,,6,7,,8,5,1,,3,4,2,1,2,5,3,7,8,4,6,,,,,6,2,5,1,7,8,,,4,3,6,2,3,5,,,7,,8,4,1,2,7,5,3,6,,,,4,1,8,3,5,,,6,2,8,1,,7,4
4,4,9/27/2022 13:19,9/27/2022 13:24,0,EN,1,4,1,2,3,2,3,4,1,3,4,2,1,3,4,1,2,2,1,3,4,2,6,6,1,1,7,5,7,1,2,1,4,3,29,1,0,1,1,1,,,1,,1,1,,,1,1,,4,3,5,2,1,6,,6,7,,8,5,1,,3,4,2,1,2,5,3,7,8,4,6,,,,,6,2,5,1,7,8,,,4,3,6,2,3,5,,,7,,8,4,1,2,7,5,3,6,,,,4,1,8,3,5,,,6,2,8,1,,7,4
4,5,9/27/2022 13:19,9/27/2022 13:24,0,EN,1,4,1,2,3,2,3,4,1,3,4,2,1,3,4,1,2,2,1,3,4,1,2,6,3,3,5,5,5,5,2,1,4,3,29,1,0,1,0,1,,,1,,1,1,,,1,1,,4,3,5,2,1,6,,6,7,,8,5,1,,3,4,2,1,2,5,3,7,8,4,6,,,,,6,2,5,1,7,8,,,4,3,6,2,3,5,,,7,,8,4,1,2,7,5,3,6,,,,4,1,8,3,5,,,6,2,8,1,,7,4
5,0,9/27/2022 13:27,9/27/2022 13:30,0,EN,1,4,3,2,1,3,4,2,1,4,1,2,3,1,3,4,2,4,1,2,3,1,6,6,2,3,4,4,3,2,4,2,1,3,19,0,0,1,0,1,,1,,,1,1,,1,,1,,1,2,3,6,4,5,,6,7,,8,3,1,,5,4,2,1,2,3,5,7,8,4,,,,6,,6,2,4,1,7,8,,,5,3,6,2,4,3,,,7,,8,5,1,2,7,5,4,,,6,,3,1,8,3,4,,,6,2,8,1,,7,5
5,1,9/27/2022 13:27,9/27/2022 13:30,0,EN,1,4,3,2,1,3,4,2,1,4,1,2,3,1,3,4,2,4,1,2,3,0,2,6,3,3,3,4,4,3,4,2,1,3,19,0,0,1,0,1,,1,,,1,1,,1,,1,,1,2,3,6,4,5,,6,7,,8,3,1,,5,4,2,1,2,3,5,7,8,4,,,,6,,6,2,4,1,7,8,,,5,3,6,2,4,3,,,7,,8,5,1,2,7,5,4,,,6,,3,1,8,3,4,,,6,2,8,1,,7,5
5,2,9/27/2022 13:27,9/27/2022 13:30,0,EN,1,4,3,2,1,3,4,2,1,4,1,2,3,1,3,4,2,4,1,2,3,0,2,1,2,3,2,2,2,2,4,2,1,3,19,0,0,1,1,1,,1,,,1,1,,1,,1,,1,2,3,6,4,5,,6,7,,8,3,1,,5,4,2,1,2,3,5,7,8,4,,,,6,,6,2,4,1,7,8,,,5,3,6,2,4,3,,,7,,8,5,1,2,7,5,4,,,6,,3,1,8,3,4,,,6,2,8,1,,7,5
5,3,9/27/2022 13:27,9/27/2022 13:30,0,EN,1,4,3,2,1,3,4,2,1,4,1,2,3,1,3,4,2,4,1,2,3,0,7,6,3,4,5,5,5,5,4,2,1,3,19,0,0,1,0,1,,1,,,1,1,,1,,1,,1,2,3,6,4,5,,6,7,,8,3,1,,5,4,2,1,2,3,5,7,8,4,,,,6,,6,2,4,1,7,8,,,5,3,6,2,4,3,,,7,,8,5,1,2,7,5,4,,,6,,3,1,8,3,4,,,6,2,8,1,,7,5
5,4,9/27/2022 13:27,9/27/2022 13:30,0,EN,1,4,3,2,1,3,4,2,1,4,1,2,3,1,3,4,2,4,1,2,3,2,6,6,2,2,4,4,2,3,4,2,1,3,19,0,0,1,0,1,,1,,,1,1,,1,,1,,1,2,3,6,4,5,,6,7,,8,3,1,,5,4,2,1,2,3,5,7,8,4,,,,6,,6,2,4,1,7,8,,,5,3,6,2,4,3,,,7,,8,5,1,2,7,5,4,,,6,,3,1,8,3,4,,,6,2,8,1,,7,5
5,5,9/27/2022 13:27,9/27/2022 13:30,0,EN,1,4,3,2,1,3,4,2,1,4,1,2,3,1,3,4,2,4,1,2,3,2,6,6,3,3,3,4,5,4,4,2,1,3,19,0,0,1,0,1,,1,,,1,1,,1,,1,,1,2,3,6,4,5,,6,7,,8,3,1,,5,4,2,1,2,3,5,7,8,4,,,,6,,6,2,4,1,7,8,,,5,3,6,2,4,3,,,7,,8,5,1,2,7,5,4,,,6,,3,1,8,3,4,,,6,2,8,1,,7,5
6,0,9/27/2022 13:53,9/27/2022 14:03,0,EN,1,1,3,2,4,1,4,3,2,2,1,3,4,2,3,1,4,1,3,4,2,0,6,6,3,3,6,5,6,6,3,2,4,1,18,0,-2,1,0,1,,1,,,1,,1,,1,,1,6,1,5,2,3,4,,,7,6,8,5,1,,3,4,2,1,2,4,5,7,8,3,,6,,,,6,2,5,1,7,8,,,3,4,,2,3,4,6,,7,,8,5,1,2,7,4,3,6,,,,5,1,8,5,3,,,,2,8,1,6,7,4
6,1,9/27/2022 13:53,9/27/2022 14:03,0,EN,1,1,3,2,4,1,4,3,2,2,1,3,4,2,3,1,4,1,3,4,2,1,7,7,3,4,6,6,6,5,3,2,4,1,18,0,-2,1,0,1,,1,,,1,,1,,1,,1,6,1,5,2,3,4,,,7,6,8,5,1,,3,4,2,1,2,4,5,7,8,3,,6,,,,6,2,5,1,7,8,,,3,4,,2,3,4,6,,7,,8,5,1,2,7,4,3,6,,,,5,1,8,5,3,,,,2,8,1,6,7,4
6,2,9/27/2022 13:53,9/27/2022 14:03,0,EN,1,1,3,2,4,1,4,3,2,2,1,3,4,2,3,1,4,1,3,4,2,1,7,7,4,4,7,7,7,7,3,2,4,1,18,0,-2,1,1,1,,1,,,1,,1,,1,,1,6,1,5,2,3,4,,,7,6,8,5,1,,3,4,2,1,2,4,5,7,8,3,,6,,,,6,2,5,1,7,8,,,3,4,,2,3,4,6,,7,,8,5,1,2,7,4,3,6,,,,5,1,8,5,3,,,,2,8,1,6,7,4
6,3,9/27/2022 13:53,9/27/2022 14:03,0,EN,1,1,3,2,4,1,4,3,2,2,1,3,4,2,3,1,4,1,3,4,2,0,7,7,4,3,6,6,5,5,3,2,4,1,18,0,-2,1,1,1,,1,,,1,,1,,1,,1,6,1,5,2,3,4,,,7,6,8,5,1,,3,4,2,1,2,4,5,7,8,3,,6,,,,6,2,5,1,7,8,,,3,4,,2,3,4,6,,7,,8,5,1,2,7,4,3,6,,,,5,1,8,5,3,,,,2,8,1,6,7,4
6,4,9/27/2022 13:53,9/27/2022 14:03,0,EN,1,1,3,2,4,1,4,3,2,2,1,3,4,2,3,1,4,1,3,4,2,1,6,7,4,3,6,5,5,6,3,2,4,1,18,0,-2,1,1,1,,1,,,1,,1,,1,,1,6,1,5,2,3,4,,,7,6,8,5,1,,3,4,2,1,2,4,5,7,8,3,,6,,,,6,2,5,1,7,8,,,3,4,,2,3,4,6,,7,,8,5,1,2,7,4,3,6,,,,5,1,8,5,3,,,,2,8,1,6,7,4
6,5,9/27/2022 13:53,9/27/2022 14:03,0,EN,1,1,3,2,4,1,4,3,2,2,1,3,4,2,3,1,4,1,3,4,2,1,6,7,2,2,6,6,5,5,3,2,4,1,18,0,-2,1,1,1,,1,,,1,,1,,1,,1,6,1,5,2,3,4,,,7,6,8,5,1,,3,4,2,1,2,4,5,7,8,3,,6,,,,6,2,5,1,7,8,,,3,4,,2,3,4,6,,7,,8,5,1,2,7,4,3,6,,,,5,1,8,5,3,,,,2,8,1,6,7,4
7,0,9/27/2022 14:02,9/27/2022 14:07,0,EN,1,1,4,2,3,4,2,1,3,1,2,4,3,2,3,1,4,2,1,4,3,1,6,6,3,3,4,4,4,4,1,3,2,4,22,1,0,1,1,,1,1,,,1,,1,,1,,1,5,4,2,1,6,3,6,,7,,8,5,1,,3,4,2,1,2,5,3,7,8,4,,,,6,,6,2,4,1,7,8,,,3,5,,2,5,3,6,,7,,8,4,1,2,7,4,3,6,,,,5,1,8,4,5,,,,2,8,1,6,7,3
7,1,9/27/2022 14:02,9/27/2022 14:07,0,EN,1,1,4,2,3,4,2,1,3,1,2,4,3,2,3,1,4,2,1,4,3,1,6,6,3,3,4,4,4,4,1,3,2,4,22,1,0,1,0,,1,1,,,1,,1,,1,,1,5,4,2,1,6,3,6,,7,,8,5,1,,3,4,2,1,2,5,3,7,8,4,,,,6,,6,2,4,1,7,8,,,3,5,,2,5,3,6,,7,,8,4,1,2,7,4,3,6,,,,5,1,8,4,5,,,,2,8,1,6,7,3
7,2,9/27/2022 14:02,9/27/2022 14:07,0,EN,1,1,4,2,3,4,2,1,3,1,2,4,3,2,3,1,4,2,1,4,3,1,6,6,3,3,4,4,4,4,1,3,2,4,22,1,0,1,1,,1,1,,,1,,1,,1,,1,5,4,2,1,6,3,6,,7,,8,5,1,,3,4,2,1,2,5,3,7,8,4,,,,6,,6,2,4,1,7,8,,,3,5,,2,5,3,6,,7,,8,4,1,2,7,4,3,6,,,,5,1,8,4,5,,,,2,8,1,6,7,3
7,3,9/27/2022 14:02,9/27/2022 14:07,0,EN,1,1,4,2,3,4,2,1,3,1,2,4,3,2,3,1,4,2,1,4,3,1,6,6,3,3,4,4,4,4,1,3,2,4,22,1,0,1,1,,1,1,,,1,,1,,1,,1,5,4,2,1,6,3,6,,7,,8,5,1,,3,4,2,1,2,5,3,7,8,4,,,,6,,6,2,4,1,7,8,,,3,5,,2,5,3,6,,7,,8,4,1,2,7,4,3,6,,,,5,1,8,4,5,,,,2,8,1,6,7,3
7,4,9/27/2022 14:02,9/27/2022 14:07,0,EN,1,1,4,2,3,4,2,1,3,1,2,4,3,2,3,1,4,2,1,4,3,1,6,6,3,3,4,4,4,4,1,3,2,4,22,1,0,1,1,,1,1,,,1,,1,,1,,1,5,4,2,1,6,3,6,,7,,8,5,1,,3,4,2,1,2,5,3,7,8,4,,,,6,,6,2,4,1,7,8,,,3,5,,2,5,3,6,,7,,8,4,1,2,7,4,3,6,,,,5,1,8,4,5,,,,2,8,1,6,7,3
7,5,9/27/2022 14:02,9/27/2022 14:07,0,EN,1,1,4,2,3,4,2,1,3,1,2,4,3,2,3,1,4,2,1,4,3,1,6,6,3,3,4,4,4,4,1,3,2,4,22,1,0,1,1,,1,1,,,1,,1,,1,,1,5,4,2,1,6,3,6,,7,,8,5,1,,3,4,2,1,2,5,3,7,8,4,,,,6,,6,2,4,1,7,8,,,3,5,,2,5,3,6,,7,,8,4,1,2,7,4,3,6,,,,5,1,8,4,5,,,,2,8,1,6,7,3
8,0,9/27/2022 14:00,9/27/2022 14:08,0,EN,1,4,1,2,3,2,4,1,3,2,4,1,3,3,2,4,1,1,4,2,3,0,6,6,3,3,2,4,2,2,1,2,3,4,19,1,-2,1,1,,1,,1,1,,,1,1,,1,,6,3,2,5,4,1,6,,7,,8,3,1,,5,4,2,1,2,5,3,7,8,4,6,,,,,,2,3,1,7,8,,6,5,4,,2,4,3,6,,7,,8,5,1,2,7,5,4,,6,,,3,1,8,3,4,,,6,2,8,1,,7,5
8,1,9/27/2022 14:00,9/27/2022 14:08,0,EN,1,4,1,2,3,2,4,1,3,2,4,1,3,3,2,4,1,1,4,2,3,0,6,6,3,3,4,4,4,4,1,2,3,4,19,1,-2,1,1,,1,,1,1,,,1,1,,1,,6,3,2,5,4,1,6,,7,,8,3,1,,5,4,2,1,2,5,3,7,8,4,6,,,,,,2,3,1,7,8,,6,5,4,,2,4,3,6,,7,,8,5,1,2,7,5,4,,6,,,3,1,8,3,4,,,6,2,8,1,,7,5
8,2,9/27/2022 14:00,9/27/2022 14:08,0,EN,1,4,1,2,3,2,4,1,3,2,4,1,3,3,2,4,1,1,4,2,3,1,7,7,3,3,4,5,4,5,1,2,3,4,19,1,-2,1,0,,1,,1,1,,,1,1,,1,,6,3,2,5,4,1,6,,7,,8,3,1,,5,4,2,1,2,5,3,7,8,4,6,,,,,,2,3,1,7,8,,6,5,4,,2,4,3,6,,7,,8,5,1,2,7,5,4,,6,,,3,1,8,3,4,,,6,2,8,1,,7,5
8,3,9/27/2022 14:00,9/27/2022 14:08,0,EN,1,4,1,2,3,2,4,1,3,2,4,1,3,3,2,4,1,1,4,2,3,1,6,6,4,4,7,4,6,4,1,2,3,4,19,1,-2,1,1,,1,,1,1,,,1,1,,1,,6,3,2,5,4,1,6,,7,,8,3,1,,5,4,2,1,2,5,3,7,8,4,6,,,,,,2,3,1,7,8,,6,5,4,,2,4,3,6,,7,,8,5,1,2,7,5,4,,6,,,3,1,8,3,4,,,6,2,8,1,,7,5
8,4,9/27/2022 14:00,9/27/2022 14:08,0,EN,1,4,1,2,3,2,4,1,3,2,4,1,3,3,2,4,1,1,4,2,3,2,6,6,3,3,4,4,4,4,1,2,3,4,19,1,-2,1,0,,1,,1,1,,,1,1,,1,,6,3,2,5,4,1,6,,7,,8,3,1,,5,4,2,1,2,5,3,7,8,4,6,,,,,,2,3,1,7,8,,6,5,4,,2,4,3,6,,7,,8,5,1,2,7,5,4,,6,,,3,1,8,3,4,,,6,2,8,1,,7,5
8,5,9/27/2022 14:00,9/27/2022 14:08,0,EN,1,4,1,2,3,2,4,1,3,2,4,1,3,3,2,4,1,1,4,2,3,1,6,6,4,4,3,5,3,4,1,2,3,4,19,1,-2,1,0,,1,,1,1,,,1,1,,1,,6,3,2,5,4,1,6,,7,,8,3,1,,5,4,2,1,2,5,3,7,8,4,6,,,,,,2,3,1,7,8,,6,5,4,,2,4,3,6,,7,,8,5,1,2,7,5,4,,6,,,3,1,8,3,4,,,6,2,8,1,,7,5
9,0,9/27/2022 14:15,9/27/2022 14:25,0,EN,1,4,2,3,1,3,2,1,4,3,2,4,1,1,3,4,2,4,2,1,3,0,2,1,1,1,2,2,2,1,2,3,4,1,20,1,0,1,1,,1,,1,1,,1,,,1,,1,3,5,1,4,6,2,6,,7,,8,4,1,,3,5,2,1,2,4,3,7,8,5,6,,,,6,,2,4,1,7,8,,,5,3,,2,5,4,,,7,6,8,3,1,2,7,5,4,6,,,,3,1,8,3,4,,,,2,8,1,6,7,5
9,1,9/27/2022 14:15,9/27/2022 14:25,0,EN,1,4,2,3,1,3,2,1,4,3,2,4,1,1,3,4,2,4,2,1,3,1,6,6,3,3,4,4,4,4,2,3,4,1,20,1,0,1,1,,1,,1,1,,1,,,1,,1,3,5,1,4,6,2,6,,7,,8,4,1,,3,5,2,1,2,4,3,7,8,5,6,,,,6,,2,4,1,7,8,,,5,3,,2,5,4,,,7,6,8,3,1,2,7,5,4,6,,,,3,1,8,3,4,,,,2,8,1,6,7,5
9,2,9/27/2022 14:15,9/27/2022 14:25,0,EN,1,4,2,3,1,3,2,1,4,3,2,4,1,1,3,4,2,4,2,1,3,1,6,2,3,3,3,4,2,4,2,3,4,1,20,1,0,1,0,,1,,1,1,,1,,,1,,1,3,5,1,4,6,2,6,,7,,8,4,1,,3,5,2,1,2,4,3,7,8,5,6,,,,6,,2,4,1,7,8,,,5,3,,2,5,4,,,7,6,8,3,1,2,7,5,4,6,,,,3,1,8,3,4,,,,2,8,1,6,7,5
9,3,9/27/2022 14:15,9/27/2022 14:25,0,EN,1,4,2,3,1,3,2,1,4,3,2,4,1,1,3,4,2,4,2,1,3,0,2,2,3,3,4,2,4,2,2,3,4,1,20,1,0,1,0,,1,,1,1,,1,,,1,,1,3,5,1,4,6,2,6,,7,,8,4,1,,3,5,2,1,2,4,3,7,8,5,6,,,,6,,2,4,1,7,8,,,5,3,,2,5,4,,,7,6,8,3,1,2,7,5,4,6,,,,3,1,8,3,4,,,,2,8,1,6,7,5
9,4,9/27/2022 14:15,9/27/2022 14:25,0,EN,1,4,2,3,1,3,2,1,4,3,2,4,1,1,3,4,2,4,2,1,3,1,7,7,4,4,5,5,5,5,2,3,4,1,20,1,0,1,1,,1,,1,1,,1,,,1,,1,3,5,1,4,6,2,6,,7,,8,4,1,,3,5,2,1,2,4,3,7,8,5,6,,,,6,,2,4,1,7,8,,,5,3,,2,5,4,,,7,6,8,3,1,2,7,5,4,6,,,,3,1,8,3,4,,,,2,8,1,6,7,5
9,5,9/27/2022 14:15,9/27/2022 14:25,0,EN,1,4,2,3,1,3,2,1,4,3,2,4,1,1,3,4,2,4,2,1,3,2,2,2,1,2,2,2,1,2,2,3,4,1,20,1,0,1,1,,1,,1,1,,1,,,1,,1,3,5,1,4,6,2,6,,7,,8,4,1,,3,5,2,1,2,4,3,7,8,5,6,,,,6,,2,4,1,7,8,,,5,3,,2,5,4,,,7,6,8,3,1,2,7,5,4,6,,,,3,1,8,3,4,,,,2,8,1,6,7,5
10,0,9/27/2022 14:33,9/27/2022 14:47,0,EN,1,3,4,2,1,4,1,2,3,1,3,4,2,4,1,3,2,1,2,4,3,0,2,2,4,4,3,2,3,2,4,3,1,2,17,1,1,1,0,1,,,1,,1,,1,,1,,1,5,2,1,4,6,3,,,7,6,8,4,1,,3,5,2,1,2,4,3,7,8,5,6,,,,,6,2,3,1,7,8,,,5,4,,2,5,3,6,,7,,8,4,1,2,7,3,4,6,,,,5,1,8,5,3,,,,2,8,1,6,7,4
10,1,9/27/2022 14:33,9/27/2022 14:47,0,EN,1,3,4,2,1,4,1,2,3,1,3,4,2,4,1,3,2,1,2,4,3,0,7,7,4,4,5,3,6,3,4,3,1,2,17,1,1,1,1,1,,,1,,1,,1,,1,,1,5,2,1,4,6,3,,,7,6,8,4,1,,3,5,2,1,2,4,3,7,8,5,6,,,,,6,2,3,1,7,8,,,5,4,,2,5,3,6,,7,,8,4,1,2,7,3,4,6,,,,5,1,8,5,3,,,,2,8,1,6,7,4
10,2,9/27/2022 14:33,9/27/2022 14:47,0,EN,1,3,4,2,1,4,1,2,3,1,3,4,2,4,1,3,2,1,2,4,3,1,6,7,2,4,2,6,3,5,4,3,1,2,17,1,1,1,1,1,,,1,,1,,1,,1,,1,5,2,1,4,6,3,,,7,6,8,4,1,,3,5,2,1,2,4,3,7,8,5,6,,,,,6,2,3,1,7,8,,,5,4,,2,5,3,6,,7,,8,4,1,2,7,3,4,6,,,,5,1,8,5,3,,,,2,8,1,6,7,4
10,3,9/27/2022 14:33,9/27/2022 14:47,0,EN,1,3,4,2,1,4,1,2,3,1,3,4,2,4,1,3,2,1,2,4,3,1,7,8,5,5,6,5,6,5,4,3,1,2,17,1,1,1,1,1,,,1,,1,,1,,1,,1,5,2,1,4,6,3,,,7,6,8,4,1,,3,5,2,1,2,4,3,7,8,5,6,,,,,6,2,3,1,7,8,,,5,4,,2,5,3,6,,7,,8,4,1,2,7,3,4,6,,,,5,1,8,5,3,,,,2,8,1,6,7,4
10,4,9/27/2022 14:33,9/27/2022 14:47,0,EN,1,3,4,2,1,4,1,2,3,1,3,4,2,4,1,3,2,1,2,4,3,2,2,2,3,3,3,3,2,2,4,3,1,2,17,1,1,1,1,1,,,1,,1,,1,,1,,1,5,2,1,4,6,3,,,7,6,8,4,1,,3,5,2,1,2,4,3,7,8,5,6,,,,,6,2,3,1,7,8,,,5,4,,2,5,3,6,,7,,8,4,1,2,7,3,4,6,,,,5,1,8,5,3,,,,2,8,1,6,7,4
10,5,9/27/2022 14:33,9/27/2022 14:47,0,EN,1,3,4,2,1,4,1,2,3,1,3,4,2,4,1,3,2,1,2,4,3,1,7,8,4,4,5,6,6,5,4,3,1,2,17,1,1,1,1,1,,,1,,1,,1,,1,,1,5,2,1,4,6,3,,,7,6,8,4,1,,3,5,2,1,2,4,3,7,8,5,6,,,,,6,2,3,1,7,8,,,5,4,,2,5,3,6,,7,,8,4,1,2,7,3,4,6,,,,5,1,8,5,3,,,,2,8,1,6,7,4
11,0,9/27/2022 14:11,9/27/2022 15:18,0,EN,1,4,3,1,2,1,2,3,4,3,4,1,2,3,1,4,2,2,1,4,3,1,6,6,2,2,3,3,4,6,4,3,1,2,20,1,2,1,1,,1,1,,1,,,1,,1,1,,4,1,5,3,2,6,6,,7,,8,5,1,,3,4,2,1,2,3,5,7,8,4,,6,,,,,2,5,1,7,8,6,,4,3,,2,5,3,6,,7,,8,4,1,2,7,3,4,6,,,,5,1,8,4,3,,6,,2,8,1,,7,5
11,1,9/27/2022 14:11,9/27/2022 15:18,0,EN,1,4,3,1,2,1,2,3,4,3,4,1,2,3,1,4,2,2,1,4,3,0,6,6,3,3,4,4,3,2,4,3,1,2,20,1,2,1,0,,1,1,,1,,,1,,1,1,,4,1,5,3,2,6,6,,7,,8,5,1,,3,4,2,1,2,3,5,7,8,4,,6,,,,,2,5,1,7,8,6,,4,3,,2,5,3,6,,7,,8,4,1,2,7,3,4,6,,,,5,1,8,4,3,,6,,2,8,1,,7,5
11,2,9/27/2022 14:11,9/27/2022 15:18,0,EN,1,4,3,1,2,1,2,3,4,3,4,1,2,3,1,4,2,2,1,4,3,1,6,7,2,2,5,6,6,2,4,3,1,2,20,1,2,1,0,,1,1,,1,,,1,,1,1,,4,1,5,3,2,6,6,,7,,8,5,1,,3,4,2,1,2,3,5,7,8,4,,6,,,,,2,5,1,7,8,6,,4,3,,2,5,3,6,,7,,8,4,1,2,7,3,4,6,,,,5,1,8,4,3,,6,,2,8,1,,7,5
11,3,9/27/2022 14:11,9/27/2022 15:18,0,EN,1,4,3,1,2,1,2,3,4,3,4,1,2,3,1,4,2,2,1,4,3,0,6,6,5,5,4,4,4,4,4,3,1,2,20,1,2,1,1,,1,1,,1,,,1,,1,1,,4,1,5,3,2,6,6,,7,,8,5,1,,3,4,2,1,2,3,5,7,8,4,,6,,,,,2,5,1,7,8,6,,4,3,,2,5,3,6,,7,,8,4,1,2,7,3,4,6,,,,5,1,8,4,3,,6,,2,8,1,,7,5
11,4,9/27/2022 14:11,9/27/2022 15:18,0,EN,1,4,3,1,2,1,2,3,4,3,4,1,2,3,1,4,2,2,1,4,3,1,6,6,1,2,4,5,4,4,4,3,1,2,20,1,2,1,1,,1,1,,1,,,1,,1,1,,4,1,5,3,2,6,6,,7,,8,5,1,,3,4,2,1,2,3,5,7,8,4,,6,,,,,2,5,1,7,8,6,,4,3,,2,5,3,6,,7,,8,4,1,2,7,3,4,6,,,,5,1,8,4,3,,6,,2,8,1,,7,5
11,5,9/27/2022 14:11,9/27/2022 15:18,0,EN,1,4,3,1,2,1,2,3,4,3,4,1,2,3,1,4,2,2,1,4,3,1,7,7,1,1,4,4,5,5,4,3,1,2,20,1,2,1,0,,1,1,,1,,,1,,1,1,,4,1,5,3,2,6,6,,7,,8,5,1,,3,4,2,1,2,3,5,7,8,4,,6,,,,,2,5,1,7,8,6,,4,3,,2,5,3,6,,7,,8,4,1,2,7,3,4,6,,,,5,1,8,4,3,,6,,2,8,1,,7,5
12,0,9/27/2022 15:41,9/27/2022 16:36,0,EN,1,4,1,3,2,2,1,3,4,4,2,3,1,3,2,1,4,4,3,1,2,0,2,6,2,4,4,4,3,2,4,1,2,3,36,0,-3,1,0,1,,,1,1,,,1,1,,,1,1,4,2,5,3,6,,,7,6,8,4,1,,3,5,2,1,2,4,5,7,8,3,6,,,,,,2,5,1,7,8,,6,3,4,,2,5,4,6,,7,,8,3,1,2,7,4,5,,,6,,3,1,8,5,3,,,,2,8,1,6,7,4
12,1,9/27/2022 15:41,9/27/2022 16:36,0,EN,1,4,1,3,2,2,1,3,4,4,2,3,1,3,2,1,4,4,3,1,2,0,6,7,5,5,4,5,3,4,4,1,2,3,36,0,-3,1,1,1,,,1,1,,,1,1,,,1,1,4,2,5,3,6,,,7,6,8,4,1,,3,5,2,1,2,4,5,7,8,3,6,,,,,,2,5,1,7,8,,6,3,4,,2,5,4,6,,7,,8,3,1,2,7,4,5,,,6,,3,1,8,5,3,,,,2,8,1,6,7,4
12,2,9/27/2022 15:41,9/27/2022 16:36,0,EN,1,4,1,3,2,2,1,3,4,4,2,3,1,3,2,1,4,4,3,1,2,1,6,6,2,3,4,6,6,5,4,1,2,3,36,0,-3,1,0,1,,,1,1,,,1,1,,,1,1,4,2,5,3,6,,,7,6,8,4,1,,3,5,2,1,2,4,5,7,8,3,6,,,,,,2,5,1,7,8,,6,3,4,,2,5,4,6,,7,,8,3,1,2,7,4,5,,,6,,3,1,8,5,3,,,,2,8,1,6,7,4
12,3,9/27/2022 15:41,9/27/2022 16:36,0,EN,1,4,1,3,2,2,1,3,4,4,2,3,1,3,2,1,4,4,3,1,2,0,6,7,5,5,3,3,2,3,4,1,2,3,36,0,-3,1,1,1,,,1,1,,,1,1,,,1,1,4,2,5,3,6,,,7,6,8,4,1,,3,5,2,1,2,4,5,7,8,3,6,,,,,,2,5,1,7,8,,6,3,4,,2,5,4,6,,7,,8,3,1,2,7,4,5,,,6,,3,1,8,5,3,,,,2,8,1,6,7,4
12,4,9/27/2022 15:41,9/27/2022 16:36,0,EN,1,4,1,3,2,2,1,3,4,4,2,3,1,3,2,1,4,4,3,1,2,1,6,7,1,2,5,6,4,4,4,1,2,3,36,0,-3,1,0,1,,,1,1,,,1,1,,,1,1,4,2,5,3,6,,,7,6,8,4,1,,3,5,2,1,2,4,5,7,8,3,6,,,,,,2,5,1,7,8,,6,3,4,,2,5,4,6,,7,,8,3,1,2,7,4,5,,,6,,3,1,8,5,3,,,,2,8,1,6,7,4
12,5,9/27/2022 15:41,9/27/2022 16:36,0,EN,1,4,1,3,2,2,1,3,4,4,2,3,1,3,2,1,4,4,3,1,2,1,7,7,2,2,6,6,5,6,4,1,2,3,36,0,-3,1,1,1,,,1,1,,,1,1,,,1,1,4,2,5,3,6,,,7,6,8,4,1,,3,5,2,1,2,4,5,7,8,3,6,,,,,,2,5,1,7,8,,6,3,4,,2,5,4,6,,7,,8,3,1,2,7,4,5,,,6,,3,1,8,5,3,,,,2,8,1,6,7,4
13,0,9/27/2022 17:06,9/27/2022 17:13,0,EN,1,1,4,2,3,1,3,4,2,2,3,1,4,4,3,2,1,2,1,4,3,0,6,6,4,4,5,3,4,2,3,4,1,2,18,1,-2,1,1,,1,1,,1,,1,,1,,,1,3,5,2,4,6,1,6,,7,,8,5,1,,4,3,2,1,2,5,3,7,8,4,,,,6,,,2,5,1,7,8,6,,4,3,,2,5,3,,6,7,,8,4,1,2,7,4,5,,,,6,3,1,8,4,3,,,,2,8,1,6,7,5
13,1,9/27/2022 17:06,9/27/2022 17:13,0,EN,1,1,4,2,3,1,3,4,2,2,3,1,4,4,3,2,1,2,1,4,3,1,6,7,3,3,5,6,5,6,3,4,1,2,18,1,-2,1,0,,1,1,,1,,1,,1,,,1,3,5,2,4,6,1,6,,7,,8,5,1,,4,3,2,1,2,5,3,7,8,4,,,,6,,,2,5,1,7,8,6,,4,3,,2,5,3,,6,7,,8,4,1,2,7,4,5,,,,6,3,1,8,4,3,,,,2,8,1,6,7,5
13,2,9/27/2022 17:06,9/27/2022 17:13,0,EN,1,1,4,2,3,1,3,4,2,2,3,1,4,4,3,2,1,2,1,4,3,1,6,6,4,4,5,3,4,3,3,4,1,2,18,1,-2,1,0,,1,1,,1,,1,,1,,,1,3,5,2,4,6,1,6,,7,,8,5,1,,4,3,2,1,2,5,3,7,8,4,,,,6,,,2,5,1,7,8,6,,4,3,,2,5,3,,6,7,,8,4,1,2,7,4,5,,,,6,3,1,8,4,3,,,,2,8,1,6,7,5
13,3,9/27/2022 17:06,9/27/2022 17:13,0,EN,1,1,4,2,3,1,3,4,2,2,3,1,4,4,3,2,1,2,1,4,3,0,6,6,3,3,4,3,3,2,3,4,1,2,18,1,-2,1,0,,1,1,,1,,1,,1,,,1,3,5,2,4,6,1,6,,7,,8,5,1,,4,3,2,1,2,5,3,7,8,4,,,,6,,,2,5,1,7,8,6,,4,3,,2,5,3,,6,7,,8,4,1,2,7,4,5,,,,6,3,1,8,4,3,,,,2,8,1,6,7,5
13,4,9/27/2022 17:06,9/27/2022 17:13,0,EN,1,1,4,2,3,1,3,4,2,2,3,1,4,4,3,2,1,2,1,4,3,1,6,6,2,1,5,6,6,6,3,4,1,2,18,1,-2,1,0,,1,1,,1,,1,,1,,,1,3,5,2,4,6,1,6,,7,,8,5,1,,4,3,2,1,2,5,3,7,8,4,,,,6,,,2,5,1,7,8,6,,4,3,,2,5,3,,6,7,,8,4,1,2,7,4,5,,,,6,3,1,8,4,3,,,,2,8,1,6,7,5
13,5,9/27/2022 17:06,9/27/2022 17:13,0,EN,1,1,4,2,3,1,3,4,2,2,3,1,4,4,3,2,1,2,1,4,3,1,6,6,4,4,6,6,5,4,3,4,1,2,18,1,-2,1,1,,1,1,,1,,1,,1,,,1,3,5,2,4,6,1,6,,7,,8,5,1,,4,3,2,1,2,5,3,7,8,4,,,,6,,,2,5,1,7,8,6,,4,3,,2,5,3,,6,7,,8,4,1,2,7,4,5,,,,6,3,1,8,4,3,,,,2,8,1,6,7,5
14,0,9/27/2022 18:31,9/27/2022 18:42,0,EN,1,1,2,3,4,4,2,3,1,4,2,1,3,2,3,1,4,1,2,4,3,0,2,6,4,4,4,3,4,3,4,1,2,3,19,0,-2,1,0,1,,1,,,1,1,,,1,,1,5,6,1,3,2,4,,,7,6,8,5,1,,4,3,2,1,2,3,5,7,8,4,,,,6,,6,2,4,1,7,8,,,3,5,,2,3,4,,6,7,,8,5,1,2,7,4,3,6,,,,5,1,8,4,3,,,,2,8,1,6,7,5
14,1,9/27/2022 18:31,9/27/2022 18:42,0,EN,1,1,2,3,4,4,2,3,1,4,2,1,3,2,3,1,4,1,2,4,3,0,6,6,3,3,4,4,4,4,4,1,2,3,19,0,-2,1,0,1,,1,,,1,1,,,1,,1,5,6,1,3,2,4,,,7,6,8,5,1,,4,3,2,1,2,3,5,7,8,4,,,,6,,6,2,4,1,7,8,,,3,5,,2,3,4,,6,7,,8,5,1,2,7,4,3,6,,,,5,1,8,4,3,,,,2,8,1,6,7,5
14,2,9/27/2022 18:31,9/27/2022 18:42,0,EN,1,1,2,3,4,4,2,3,1,4,2,1,3,2,3,1,4,1,2,4,3,1,7,7,4,4,6,6,6,6,4,1,2,3,19,0,-2,1,1,1,,1,,,1,1,,,1,,1,5,6,1,3,2,4,,,7,6,8,5,1,,4,3,2,1,2,3,5,7,8,4,,,,6,,6,2,4,1,7,8,,,3,5,,2,3,4,,6,7,,8,5,1,2,7,4,3,6,,,,5,1,8,4,3,,,,2,8,1,6,7,5
14,3,9/27/2022 18:31,9/27/2022 18:42,0,EN,1,1,2,3,4,4,2,3,1,4,2,1,3,2,3,1,4,1,2,4,3,1,8,8,2,2,7,7,7,7,4,1,2,3,19,0,-2,1,0,1,,1,,,1,1,,,1,,1,5,6,1,3,2,4,,,7,6,8,5,1,,4,3,2,1,2,3,5,7,8,4,,,,6,,6,2,4,1,7,8,,,3,5,,2,3,4,,6,7,,8,5,1,2,7,4,3,6,,,,5,1,8,4,3,,,,2,8,1,6,7,5
14,4,9/27/2022 18:31,9/27/2022 18:42,0,EN,1,1,2,3,4,4,2,3,1,4,2,1,3,2,3,1,4,1,2,4,3,1,7,7,4,4,6,6,6,6,4,1,2,3,19,0,-2,1,1,1,,1,,,1,1,,,1,,1,5,6,1,3,2,4,,,7,6,8,5,1,,4,3,2,1,2,3,5,7,8,4,,,,6,,6,2,4,1,7,8,,,3,5,,2,3,4,,6,7,,8,5,1,2,7,4,3,6,,,,5,1,8,4,3,,,,2,8,1,6,7,5
14,5,9/27/2022 18:31,9/27/2022 18:42,0,EN,1,1,2,3,4,4,2,3,1,4,2,1,3,2,3,1,4,1,2,4,3,1,6,7,3,3,5,5,5,5,4,1,2,3,19,0,-2,1,1,1,,1,,,1,1,,,1,,1,5,6,1,3,2,4,,,7,6,8,5,1,,4,3,2,1,2,3,5,7,8,4,,,,6,,6,2,4,1,7,8,,,3,5,,2,3,4,,6,7,,8,5,1,2,7,4,3,6,,,,5,1,8,4,3,,,,2,8,1,6,7,5
15,0,9/27/2022 18:58,9/27/2022 19:09,0,EN,1,2,1,4,3,3,2,1,4,2,1,3,4,3,2,4,1,2,4,3,1,0,2,2,5,4,4,3,4,2,2,1,4,3,19,1,0,1,0,1,,,1,1,,,1,1,,1,,2,3,6,1,5,4,,,7,,8,5,1,6,3,4,2,1,2,5,3,7,8,4,6,,,,,,2,5,1,7,8,6,,4,3,,2,4,5,6,,7,,8,3,1,2,7,4,3,,6,,,5,1,8,4,5,,6,,2,8,1,,7,3
15,1,9/27/2022 18:58,9/27/2022 19:09,0,EN,1,2,1,4,3,3,2,1,4,2,1,3,4,3,2,4,1,2,4,3,1,1,7,8,5,5,6,6,6,5,2,1,4,3,19,1,0,1,1,1,,,1,1,,,1,1,,1,,2,3,6,1,5,4,,,7,,8,5,1,6,3,4,2,1,2,5,3,7,8,4,6,,,,,,2,5,1,7,8,6,,4,3,,2,4,5,6,,7,,8,3,1,2,7,4,3,,6,,,5,1,8,4,5,,6,,2,8,1,,7,3
15,2,9/27/2022 18:58,9/27/2022 19:09,0,EN,1,2,1,4,3,3,2,1,4,2,1,3,4,3,2,4,1,2,4,3,1,1,8,8,3,3,7,7,7,7,2,1,4,3,19,1,0,1,0,1,,,1,1,,,1,1,,1,,2,3,6,1,5,4,,,7,,8,5,1,6,3,4,2,1,2,5,3,7,8,4,6,,,,,,2,5,1,7,8,6,,4,3,,2,4,5,6,,7,,8,3,1,2,7,4,3,,6,,,5,1,8,4,5,,6,,2,8,1,,7,3
15,3,9/27/2022 18:58,9/27/2022 19:09,0,EN,1,2,1,4,3,3,2,1,4,2,1,3,4,3,2,4,1,2,4,3,1,1,7,8,5,5,6,6,6,3,2,1,4,3,19,1,0,1,1,1,,,1,1,,,1,1,,1,,2,3,6,1,5,4,,,7,,8,5,1,6,3,4,2,1,2,5,3,7,8,4,6,,,,,,2,5,1,7,8,6,,4,3,,2,4,5,6,,7,,8,3,1,2,7,4,3,,6,,,5,1,8,4,5,,6,,2,8,1,,7,3
15,4,9/27/2022 18:58,9/27/2022 19:09,0,EN,1,2,1,4,3,3,2,1,4,2,1,3,4,3,2,4,1,2,4,3,1,2,7,8,2,1,6,6,6,5,2,1,4,3,19,1,0,1,0,1,,,1,1,,,1,1,,1,,2,3,6,1,5,4,,,7,,8,5,1,6,3,4,2,1,2,5,3,7,8,4,6,,,,,,2,5,1,7,8,6,,4,3,,2,4,5,6,,7,,8,3,1,2,7,4,3,,6,,,5,1,8,4,5,,6,,2,8,1,,7,3
15,5,9/27/2022 18:58,9/27/2022 19:09,0,EN,1,2,1,4,3,3,2,1,4,2,1,3,4,3,2,4,1,2,4,3,1,1,6,7,2,2,6,7,4,4,2,1,4,3,19,1,0,1,0,1,,,1,1,,,1,1,,1,,2,3,6,1,5,4,,,7,,8,5,1,6,3,4,2,1,2,5,3,7,8,4,6,,,,,,2,5,1,7,8,6,,4,3,,2,4,5,6,,7,,8,3,1,2,7,4,3,,6,,,5,1,8,4,5,,6,,2,8,1,,7,3
16,0,9/27/2022 20:53,9/27/2022 21:06,0,EN,1,2,4,3,1,2,3,1,4,4,1,2,3,4,3,1,2,1,3,4,2,1,6,7,4,4,5,5,5,5,2,3,4,1,19,1,1,1,0,1,,1,,,1,1,,1,,,1,3,1,4,6,5,2,,,7,6,8,4,1,,3,5,2,1,2,3,5,7,8,4,,,,6,,6,2,3,1,7,8,,,5,4,6,2,3,5,,,7,,8,4,1,2,7,3,4,,,6,,5,1,8,3,4,,,,2,8,1,6,7,5
16,1,9/27/2022 20:53,9/27/2022 21:06,0,EN,1,2,4,3,1,2,3,1,4,4,1,2,3,4,3,1,2,1,3,4,2,0,6,7,4,4,5,3,3,4,2,3,4,1,19,1,1,1,0,1,,1,,,1,1,,1,,,1,3,1,4,6,5,2,,,7,6,8,4,1,,3,5,2,1,2,3,5,7,8,4,,,,6,,6,2,3,1,7,8,,,5,4,6,2,3,5,,,7,,8,4,1,2,7,3,4,,,6,,5,1,8,3,4,,,,2,8,1,6,7,5
16,2,9/27/2022 20:53,9/27/2022 21:06,0,EN,1,2,4,3,1,2,3,1,4,4,1,2,3,4,3,1,2,1,3,4,2,0,2,6,4,4,3,3,3,3,2,3,4,1,19,1,1,1,1,1,,1,,,1,1,,1,,,1,3,1,4,6,5,2,,,7,6,8,4,1,,3,5,2,1,2,3,5,7,8,4,,,,6,,6,2,3,1,7,8,,,5,4,6,2,3,5,,,7,,8,4,1,2,7,3,4,,,6,,5,1,8,3,4,,,,2,8,1,6,7,5
16,3,9/27/2022 20:53,9/27/2022 21:06,0,EN,1,2,4,3,1,2,3,1,4,4,1,2,3,4,3,1,2,1,3,4,2,0,2,2,2,2,1,2,1,1,2,3,4,1,19,1,1,1,0,1,,1,,,1,1,,1,,,1,3,1,4,6,5,2,,,7,6,8,4,1,,3,5,2,1,2,3,5,7,8,4,,,,6,,6,2,3,1,7,8,,,5,4,6,2,3,5,,,7,,8,4,1,2,7,3,4,,,6,,5,1,8,3,4,,,,2,8,1,6,7,5
16,4,9/27/2022 20:53,9/27/2022 21:06,0,EN,1,2,4,3,1,2,3,1,4,4,1,2,3,4,3,1,2,1,3,4,2,2,2,2,3,3,3,2,3,2,2,3,4,1,19,1,1,1,0,1,,1,,,1,1,,1,,,1,3,1,4,6,5,2,,,7,6,8,4,1,,3,5,2,1,2,3,5,7,8,4,,,,6,,6,2,3,1,7,8,,,5,4,6,2,3,5,,,7,,8,4,1,2,7,3,4,,,6,,5,1,8,3,4,,,,2,8,1,6,7,5
16,5,9/27/2022 20:53,9/27/2022 21:06,0,EN,1,2,4,3,1,2,3,1,4,4,1,2,3,4,3,1,2,1,3,4,2,1,7,7,4,4,6,6,6,5,2,3,4,1,19,1,1,1,1,1,,1,,,1,1,,1,,,1,3,1,4,6,5,2,,,7,6,8,4,1,,3,5,2,1,2,3,5,7,8,4,,,,6,,6,2,3,1,7,8,,,5,4,6,2,3,5,,,7,,8,4,1,2,7,3,4,,,6,,5,1,8,3,4,,,,2,8,1,6,7,5
17,0,9/27/2022 15:18,9/28/2022 1:08,0,EN,1,2,3,1,4,4,2,1,3,1,3,2,4,3,2,1,4,4,1,2,3,0,1,1,4,4,2,2,4,1,4,3,1,2,20,1,1,1,1,,1,,1,,1,1,,,1,1,,3,2,5,1,6,4,6,,7,,8,3,1,,4,5,2,1,2,4,5,7,8,3,6,,,,,6,2,5,1,7,8,,,3,4,,2,3,4,,6,7,,8,5,1,2,7,3,4,6,,,,5,1,8,3,5,,6,,2,8,1,,7,4
17,1,9/27/2022 15:18,9/28/2022 1:08,0,EN,1,2,3,1,4,4,2,1,3,1,3,2,4,3,2,1,4,4,1,2,3,0,2,6,5,4,4,3,3,1,4,3,1,2,20,1,1,1,1,,1,,1,,1,1,,,1,1,,3,2,5,1,6,4,6,,7,,8,3,1,,4,5,2,1,2,4,5,7,8,3,6,,,,,6,2,5,1,7,8,,,3,4,,2,3,4,,6,7,,8,5,1,2,7,3,4,6,,,,5,1,8,3,5,,6,,2,8,1,,7,4
17,2,9/27/2022 15:18,9/28/2022 1:08,0,EN,1,2,3,1,4,4,2,1,3,1,3,2,4,3,2,1,4,4,1,2,3,1,6,6,4,4,5,5,5,5,4,3,1,2,20,1,1,1,1,,1,,1,,1,1,,,1,1,,3,2,5,1,6,4,6,,7,,8,3,1,,4,5,2,1,2,4,5,7,8,3,6,,,,,6,2,5,1,7,8,,,3,4,,2,3,4,,6,7,,8,5,1,2,7,3,4,6,,,,5,1,8,3,5,,6,,2,8,1,,7,4
17,3,9/27/2022 15:18,9/28/2022 1:08,0,EN,1,2,3,1,4,4,2,1,3,1,3,2,4,3,2,1,4,4,1,2,3,0,7,6,4,4,6,6,6,1,4,3,1,2,20,1,1,1,0,,1,,1,,1,1,,,1,1,,3,2,5,1,6,4,6,,7,,8,3,1,,4,5,2,1,2,4,5,7,8,3,6,,,,,6,2,5,1,7,8,,,3,4,,2,3,4,,6,7,,8,5,1,2,7,3,4,6,,,,5,1,8,3,5,,6,,2,8,1,,7,4
17,4,9/27/2022 15:18,9/28/2022 1:08,0,EN,1,2,3,1,4,4,2,1,3,1,3,2,4,3,2,1,4,4,1,2,3,1,6,6,3,3,4,4,4,4,4,3,1,2,20,1,1,1,1,,1,,1,,1,1,,,1,1,,3,2,5,1,6,4,6,,7,,8,3,1,,4,5,2,1,2,4,5,7,8,3,6,,,,,6,2,5,1,7,8,,,3,4,,2,3,4,,6,7,,8,5,1,2,7,3,4,6,,,,5,1,8,3,5,,6,,2,8,1,,7,4
17,5,9/27/2022 15:18,9/28/2022 1:08,0,EN,1,2,3,1,4,4,2,1,3,1,3,2,4,3,2,1,4,4,1,2,3,1,7,7,1,1,5,5,5,5,4,3,1,2,20,1,1,1,0,,1,,1,,1,1,,,1,1,,3,2,5,1,6,4,6,,7,,8,3,1,,4,5,2,1,2,4,5,7,8,3,6,,,,,6,2,5,1,7,8,,,3,4,,2,3,4,,6,7,,8,5,1,2,7,3,4,6,,,,5,1,8,3,5,,6,,2,8,1,,7,4
18,0,9/28/2022 10:25,9/28/2022 10:29,0,EN,1,3,1,4,2,1,3,2,4,3,1,4,2,2,1,3,4,1,3,4,2,0,2,2,1,2,3,3,3,3,2,1,4,3,19,1,0,1,1,,1,1,,,1,,1,1,,1,,4,1,3,5,2,6,6,,7,,8,3,1,,4,5,2,1,2,5,4,7,8,3,,6,,,,6,2,4,1,7,8,,,3,5,,2,5,4,6,,7,,8,3,1,2,7,3,4,,,6,,5,1,8,4,3,,6,,2,8,1,,7,5
18,1,9/28/2022 10:25,9/28/2022 10:29,0,EN,1,3,1,4,2,1,3,2,4,3,1,4,2,2,1,3,4,1,3,4,2,1,7,7,3,3,4,5,3,4,2,1,4,3,19,1,0,1,0,,1,1,,,1,,1,1,,1,,4,1,3,5,2,6,6,,7,,8,3,1,,4,5,2,1,2,5,4,7,8,3,,6,,,,6,2,4,1,7,8,,,3,5,,2,5,4,6,,7,,8,3,1,2,7,3,4,,,6,,5,1,8,4,3,,6,,2,8,1,,7,5
18,2,9/28/2022 10:25,9/28/2022 10:29,0,EN,1,3,1,4,2,1,3,2,4,3,1,4,2,2,1,3,4,1,3,4,2,1,7,7,4,5,4,6,5,6,2,1,4,3,19,1,0,1,1,,1,1,,,1,,1,1,,1,,4,1,3,5,2,6,6,,7,,8,3,1,,4,5,2,1,2,5,4,7,8,3,,6,,,,6,2,4,1,7,8,,,3,5,,2,5,4,6,,7,,8,3,1,2,7,3,4,,,6,,5,1,8,4,3,,6,,2,8,1,,7,5
18,3,9/28/2022 10:25,9/28/2022 10:29,0,EN,1,3,1,4,2,1,3,2,4,3,1,4,2,2,1,3,4,1,3,4,2,1,6,6,2,3,4,5,5,3,2,1,4,3,19,1,0,1,1,,1,1,,,1,,1,1,,1,,4,1,3,5,2,6,6,,7,,8,3,1,,4,5,2,1,2,5,4,7,8,3,,6,,,,6,2,4,1,7,8,,,3,5,,2,5,4,6,,7,,8,3,1,2,7,3,4,,,6,,5,1,8,4,3,,6,,2,8,1,,7,5
18,4,9/28/2022 10:25,9/28/2022 10:29,0,EN,1,3,1,4,2,1,3,2,4,3,1,4,2,2,1,3,4,1,3,4,2,1,7,7,2,2,3,3,3,6,2,1,4,3,19,1,0,1,0,,1,1,,,1,,1,1,,1,,4,1,3,5,2,6,6,,7,,8,3,1,,4,5,2,1,2,5,4,7,8,3,,6,,,,6,2,4,1,7,8,,,3,5,,2,5,4,6,,7,,8,3,1,2,7,3,4,,,6,,5,1,8,4,3,,6,,2,8,1,,7,5
18,5,9/28/2022 10:25,9/28/2022 10:29,0,EN,1,3,1,4,2,1,3,2,4,3,1,4,2,2,1,3,4,1,3,4,2,1,6,6,4,4,3,5,3,5,2,1,4,3,19,1,0,1,0,,1,1,,,1,,1,1,,1,,4,1,3,5,2,6,6,,7,,8,3,1,,4,5,2,1,2,5,4,7,8,3,,6,,,,6,2,4,1,7,8,,,3,5,,2,5,4,6,,7,,8,3,1,2,7,3,4,,,6,,5,1,8,4,3,,6,,2,8,1,,7,5
19,0,9/28/2022 11:29,9/28/2022 11:37,0,EN,1,3,1,4,2,1,2,3,4,4,2,3,1,2,3,1,4,2,3,1,4,0,2,2,3,3,4,3,4,4,1,3,2,4,20,1,-2,1,0,1,,1,,,1,1,,1,,,1,2,3,6,1,4,5,,,7,6,8,3,1,,5,4,2,1,2,4,3,7,8,5,,,,6,,6,2,4,1,7,8,,,3,5,,2,3,5,,6,7,,8,4,1,2,7,3,5,,6,,,4,1,8,3,5,,,,2,8,1,6,7,4
19,1,9/28/2022 11:29,9/28/2022 11:37,0,EN,1,3,1,4,2,1,2,3,4,4,2,3,1,2,3,1,4,2,3,1,4,1,6,6,3,3,4,4,4,4,1,3,2,4,20,1,-2,1,0,1,,1,,,1,1,,1,,,1,2,3,6,1,4,5,,,7,6,8,3,1,,5,4,2,1,2,4,3,7,8,5,,,,6,,6,2,4,1,7,8,,,3,5,,2,3,5,,6,7,,8,4,1,2,7,3,5,,6,,,4,1,8,3,5,,,,2,8,1,6,7,4
19,2,9/28/2022 11:29,9/28/2022 11:37,0,EN,1,3,1,4,2,1,2,3,4,4,2,3,1,2,3,1,4,2,3,1,4,1,7,7,4,4,5,5,5,4,1,3,2,4,20,1,-2,1,1,1,,1,,,1,1,,1,,,1,2,3,6,1,4,5,,,7,6,8,3,1,,5,4,2,1,2,4,3,7,8,5,,,,6,,6,2,4,1,7,8,,,3,5,,2,3,5,,6,7,,8,4,1,2,7,3,5,,6,,,4,1,8,3,5,,,,2,8,1,6,7,4
19,3,9/28/2022 11:29,9/28/2022 11:37,0,EN,1,3,1,4,2,1,2,3,4,4,2,3,1,2,3,1,4,2,3,1,4,1,6,7,1,4,5,5,5,4,1,3,2,4,20,1,-2,1,0,1,,1,,,1,1,,1,,,1,2,3,6,1,4,5,,,7,6,8,3,1,,5,4,2,1,2,4,3,7,8,5,,,,6,,6,2,4,1,7,8,,,3,5,,2,3,5,,6,7,,8,4,1,2,7,3,5,,6,,,4,1,8,3,5,,,,2,8,1,6,7,4
19,4,9/28/2022 11:29,9/28/2022 11:37,0,EN,1,3,1,4,2,1,2,3,4,4,2,3,1,2,3,1,4,2,3,1,4,1,6,6,3,2,4,5,5,4,1,3,2,4,20,1,-2,1,0,1,,1,,,1,1,,1,,,1,2,3,6,1,4,5,,,7,6,8,3,1,,5,4,2,1,2,4,3,7,8,5,,,,6,,6,2,4,1,7,8,,,3,5,,2,3,5,,6,7,,8,4,1,2,7,3,5,,6,,,4,1,8,3,5,,,,2,8,1,6,7,4
19,5,9/28/2022 11:29,9/28/2022 11:37,0,EN,1,3,1,4,2,1,2,3,4,4,2,3,1,2,3,1,4,2,3,1,4,1,7,8,3,3,6,6,6,4,1,3,2,4,20,1,-2,1,1,1,,1,,,1,1,,1,,,1,2,3,6,1,4,5,,,7,6,8,3,1,,5,4,2,1,2,4,3,7,8,5,,,,6,,6,2,4,1,7,8,,,3,5,,2,3,5,,6,7,,8,4,1,2,7,3,5,,6,,,4,1,8,3,5,,,,2,8,1,6,7,4
20,0,9/28/2022 13:01,9/28/2022 13:09,0,EN,1,3,2,4,1,4,2,3,1,4,1,2,3,3,4,1,2,2,4,3,1,0,6,6,4,5,4,3,4,3,4,3,1,2,19,1,1,1,0,1,,1,,1,,1,,,1,,1,4,2,1,5,3,6,,,7,,8,5,1,6,4,3,2,1,2,5,3,7,8,4,,,6,,6,,2,4,1,7,8,,,5,3,,2,5,3,,,7,6,8,4,1,2,7,4,3,6,,,,5,1,8,3,4,,,,2,8,1,6,7,5
20,1,9/28/2022 13:01,9/28/2022 13:09,0,EN,1,3,2,4,1,4,2,3,1,4,1,2,3,3,4,1,2,2,4,3,1,1,6,7,4,5,4,7,4,7,4,3,1,2,19,1,1,1,0,1,,1,,1,,1,,,1,,1,4,2,1,5,3,6,,,7,,8,5,1,6,4,3,2,1,2,5,3,7,8,4,,,6,,6,,2,4,1,7,8,,,5,3,,2,5,3,,,7,6,8,4,1,2,7,4,3,6,,,,5,1,8,3,4,,,,2,8,1,6,7,5
20,2,9/28/2022 13:01,9/28/2022 13:09,0,EN,1,3,2,4,1,4,2,3,1,4,1,2,3,3,4,1,2,2,4,3,1,1,6,7,2,1,6,7,6,6,4,3,1,2,19,1,1,1,0,1,,1,,1,,1,,,1,,1,4,2,1,5,3,6,,,7,,8,5,1,6,4,3,2,1,2,5,3,7,8,4,,,6,,6,,2,4,1,7,8,,,5,3,,2,5,3,,,7,6,8,4,1,2,7,4,3,6,,,,5,1,8,3,4,,,,2,8,1,6,7,5
20,3,9/28/2022 13:01,9/28/2022 13:09,0,EN,1,3,2,4,1,4,2,3,1,4,1,2,3,3,4,1,2,2,4,3,1,0,6,6,3,4,3,1,3,2,4,3,1,2,19,1,1,1,0,1,,1,,1,,1,,,1,,1,4,2,1,5,3,6,,,7,,8,5,1,6,4,3,2,1,2,5,3,7,8,4,,,6,,6,,2,4,1,7,8,,,5,3,,2,5,3,,,7,6,8,4,1,2,7,4,3,6,,,,5,1,8,3,4,,,,2,8,1,6,7,5
20,4,9/28/2022 13:01,9/28/2022 13:09,0,EN,1,3,2,4,1,4,2,3,1,4,1,2,3,3,4,1,2,2,4,3,1,1,6,7,4,4,6,7,6,7,4,3,1,2,19,1,1,1,1,1,,1,,1,,1,,,1,,1,4,2,1,5,3,6,,,7,,8,5,1,6,4,3,2,1,2,5,3,7,8,4,,,6,,6,,2,4,1,7,8,,,5,3,,2,5,3,,,7,6,8,4,1,2,7,4,3,6,,,,5,1,8,3,4,,,,2,8,1,6,7,5
20,5,9/28/2022 13:01,9/28/2022 13:09,0,EN,1,3,2,4,1,4,2,3,1,4,1,2,3,3,4,1,2,2,4,3,1,1,7,8,5,5,4,7,4,7,4,3,1,2,19,1,1,1,1,1,,1,,1,,1,,,1,,1,4,2,1,5,3,6,,,7,,8,5,1,6,4,3,2,1,2,5,3,7,8,4,,,6,,6,,2,4,1,7,8,,,5,3,,2,5,3,,,7,6,8,4,1,2,7,4,3,6,,,,5,1,8,3,4,,,,2,8,1,6,7,5
21,0,9/28/2022 14:30,9/28/2022 14:43,0,EN,1,4,2,3,1,4,1,2,3,3,1,2,4,3,1,2,4,3,2,4,1,0,2,2,3,3,4,2,4,2,3,1,4,2,21,0,0,1,1,,1,,1,,1,,1,,1,,1,3,6,4,1,5,2,6,,7,,8,4,1,,5,3,2,1,2,5,4,7,8,3,6,,,,,6,2,4,1,7,8,,,5,3,,2,4,3,6,,7,,8,5,1,2,7,5,3,6,,,,4,1,8,5,3,,,,2,8,1,6,7,4
21,1,9/28/2022 14:30,9/28/2022 14:43,0,EN,1,4,2,3,1,4,1,2,3,3,1,2,4,3,1,2,4,3,2,4,1,1,6,6,4,4,4,5,4,5,3,1,4,2,21,0,0,1,1,,1,,1,,1,,1,,1,,1,3,6,4,1,5,2,6,,7,,8,4,1,,5,3,2,1,2,5,4,7,8,3,6,,,,,6,2,4,1,7,8,,,5,3,,2,4,3,6,,7,,8,5,1,2,7,5,3,6,,,,4,1,8,5,3,,,,2,8,1,6,7,4
21,2,9/28/2022 14:30,9/28/2022 14:43,0,EN,1,4,2,3,1,4,1,2,3,3,1,2,4,3,1,2,4,3,2,4,1,1,7,8,4,5,5,6,5,6,3,1,4,2,21,0,0,1,1,,1,,1,,1,,1,,1,,1,3,6,4,1,5,2,6,,7,,8,4,1,,5,3,2,1,2,5,4,7,8,3,6,,,,,6,2,4,1,7,8,,,5,3,,2,4,3,6,,7,,8,5,1,2,7,5,3,6,,,,4,1,8,5,3,,,,2,8,1,6,7,4
21,3,9/28/2022 14:30,9/28/2022 14:43,0,EN,1,4,2,3,1,4,1,2,3,3,1,2,4,3,1,2,4,3,2,4,1,1,6,6,4,4,5,5,5,5,3,1,4,2,21,0,0,1,1,,1,,1,,1,,1,,1,,1,3,6,4,1,5,2,6,,7,,8,4,1,,5,3,2,1,2,5,4,7,8,3,6,,,,,6,2,4,1,7,8,,,5,3,,2,4,3,6,,7,,8,5,1,2,7,5,3,6,,,,4,1,8,5,3,,,,2,8,1,6,7,4
21,4,9/28/2022 14:30,9/28/2022 14:43,0,EN,1,4,2,3,1,4,1,2,3,3,1,2,4,3,1,2,4,3,2,4,1,1,6,7,3,4,4,5,4,5,3,1,4,2,21,0,0,1,1,,1,,1,,1,,1,,1,,1,3,6,4,1,5,2,6,,7,,8,4,1,,5,3,2,1,2,5,4,7,8,3,6,,,,,6,2,4,1,7,8,,,5,3,,2,4,3,6,,7,,8,5,1,2,7,5,3,6,,,,4,1,8,5,3,,,,2,8,1,6,7,4
21,5,9/28/2022 14:30,9/28/2022 14:43,0,EN,1,4,2,3,1,4,1,2,3,3,1,2,4,3,1,2,4,3,2,4,1,1,6,7,3,3,5,5,5,5,3,1,4,2,21,0,0,1,1,,1,,1,,1,,1,,1,,1,3,6,4,1,5,2,6,,7,,8,4,1,,5,3,2,1,2,5,4,7,8,3,6,,,,,6,2,4,1,7,8,,,5,3,,2,4,3,6,,7,,8,5,1,2,7,5,3,6,,,,4,1,8,5,3,,,,2,8,1,6,7,4
22,0,9/28/2022 15:40,9/28/2022 15:44,0,EN,1,4,1,2,3,4,3,1,2,1,2,3,4,1,4,2,3,2,1,3,4,1,7,7,2,2,6,5,6,6,3,4,1,2,20,1,0,1,0,1,,1,,,1,,1,1,,1,,3,2,6,1,5,4,,,7,6,8,5,1,,4,3,2,1,2,5,4,7,8,3,,6,,,,6,2,5,1,7,8,,,4,3,,2,4,5,6,,7,,8,3,1,2,7,5,4,,,6,,3,1,8,3,5,,,6,2,8,1,,7,4
22,1,9/28/2022 15:40,9/28/2022 15:44,0,EN,1,4,1,2,3,4,3,1,2,1,2,3,4,1,4,2,3,2,1,3,4,0,2,6,4,4,3,1,3,2,3,4,1,2,20,1,0,1,0,1,,1,,,1,,1,1,,1,,3,2,6,1,5,4,,,7,6,8,5,1,,4,3,2,1,2,5,4,7,8,3,,6,,,,6,2,5,1,7,8,,,4,3,,2,4,5,6,,7,,8,3,1,2,7,5,4,,,6,,3,1,8,3,5,,,6,2,8,1,,7,4
22,2,9/28/2022 15:40,9/28/2022 15:44,0,EN,1,4,1,2,3,4,3,1,2,1,2,3,4,1,4,2,3,2,1,3,4,1,6,7,3,3,5,5,5,4,3,4,1,2,20,1,0,1,1,1,,1,,,1,,1,1,,1,,3,2,6,1,5,4,,,7,6,8,5,1,,4,3,2,1,2,5,4,7,8,3,,6,,,,6,2,5,1,7,8,,,4,3,,2,4,5,6,,7,,8,3,1,2,7,5,4,,,6,,3,1,8,3,5,,,6,2,8,1,,7,4
22,3,9/28/2022 15:40,9/28/2022 15:44,0,EN,1,4,1,2,3,4,3,1,2,1,2,3,4,1,4,2,3,2,1,3,4,0,2,2,4,4,3,1,3,1,3,4,1,2,20,1,0,1,1,1,,1,,,1,,1,1,,1,,3,2,6,1,5,4,,,7,6,8,5,1,,4,3,2,1,2,5,4,7,8,3,,6,,,,6,2,5,1,7,8,,,4,3,,2,4,5,6,,7,,8,3,1,2,7,5,4,,,6,,3,1,8,3,5,,,6,2,8,1,,7,4
22,4,9/28/2022 15:40,9/28/2022 15:44,0,EN,1,4,1,2,3,4,3,1,2,1,2,3,4,1,4,2,3,2,1,3,4,2,2,2,4,4,3,2,3,2,3,4,1,2,20,1,0,1,0,1,,1,,,1,,1,1,,1,,3,2,6,1,5,4,,,7,6,8,5,1,,4,3,2,1,2,5,4,7,8,3,,6,,,,6,2,5,1,7,8,,,4,3,,2,4,5,6,,7,,8,3,1,2,7,5,4,,,6,,3,1,8,3,5,,,6,2,8,1,,7,4
22,5,9/28/2022 15:40,9/28/2022 15:44,0,EN,1,4,1,2,3,4,3,1,2,1,2,3,4,1,4,2,3,2,1,3,4,1,6,6,4,4,4,4,4,4,3,4,1,2,20,1,0,1,0,1,,1,,,1,,1,1,,1,,3,2,6,1,5,4,,,7,6,8,5,1,,4,3,2,1,2,5,4,7,8,3,,6,,,,6,2,5,1,7,8,,,4,3,,2,4,5,6,,7,,8,3,1,2,7,5,4,,,6,,3,1,8,3,5,,,6,2,8,1,,7,4
23,0,9/27/2022 11:27,9/29/2022 11:54,0,EN,1,2,4,1,3,4,2,3,1,1,4,2,3,4,2,3,1,3,2,1,4,0,6,6,3,3,3,4,3,4,1,3,2,4,22,1,0,1,1,,1,,1,1,,1,,1,,,1,5,3,1,4,6,2,6,,7,,8,5,1,,4,3,2,1,2,4,5,7,8,3,6,,,,,,2,5,1,7,8,6,,3,4,6,2,4,3,,,7,,8,5,1,2,7,4,3,,6,,,5,1,8,4,5,,,,2,8,1,6,7,3
23,1,9/27/2022 11:27,9/29/2022 11:54,0,EN,1,2,4,1,3,4,2,3,1,1,4,2,3,4,2,3,1,3,2,1,4,0,6,6,3,3,3,4,3,4,1,3,2,4,22,1,0,1,1,,1,,1,1,,1,,1,,,1,5,3,1,4,6,2,6,,7,,8,5,1,,4,3,2,1,2,4,5,7,8,3,6,,,,,,2,5,1,7,8,6,,3,4,6,2,4,3,,,7,,8,5,1,2,7,4,3,,6,,,5,1,8,4,5,,,,2,8,1,6,7,3
23,2,9/27/2022 11:27,9/29/2022 11:54,0,EN,1,2,4,1,3,4,2,3,1,1,4,2,3,4,2,3,1,3,2,1,4,1,6,6,3,4,5,4,5,4,1,3,2,4,22,1,0,1,0,,1,,1,1,,1,,1,,,1,5,3,1,4,6,2,6,,7,,8,5,1,,4,3,2,1,2,4,5,7,8,3,6,,,,,,2,5,1,7,8,6,,3,4,6,2,4,3,,,7,,8,5,1,2,7,4,3,,6,,,5,1,8,4,5,,,,2,8,1,6,7,3
23,3,9/27/2022 11:27,9/29/2022 11:54,0,EN,1,2,4,1,3,4,2,3,1,1,4,2,3,4,2,3,1,3,2,1,4,0,6,6,3,4,3,4,3,3,1,3,2,4,22,1,0,1,0,,1,,1,1,,1,,1,,,1,5,3,1,4,6,2,6,,7,,8,5,1,,4,3,2,1,2,4,5,7,8,3,6,,,,,,2,5,1,7,8,6,,3,4,6,2,4,3,,,7,,8,5,1,2,7,4,3,,6,,,5,1,8,4,5,,,,2,8,1,6,7,3
23,4,9/27/2022 11:27,9/29/2022 11:54,0,EN,1,2,4,1,3,4,2,3,1,1,4,2,3,4,2,3,1,3,2,1,4,2,6,6,3,3,3,3,3,3,1,3,2,4,22,1,0,1,0,,1,,1,1,,1,,1,,,1,5,3,1,4,6,2,6,,7,,8,5,1,,4,3,2,1,2,4,5,7,8,3,6,,,,,,2,5,1,7,8,6,,3,4,6,2,4,3,,,7,,8,5,1,2,7,4,3,,6,,,5,1,8,4,5,,,,2,8,1,6,7,3
23,5,9/27/2022 11:27,9/29/2022 11:54,0,EN,1,2,4,1,3,4,2,3,1,1,4,2,3,4,2,3,1,3,2,1,4,2,2,2,3,3,3,4,3,4,1,3,2,4,22,1,0,1,1,,1,,1,1,,1,,1,,,1,5,3,1,4,6,2,6,,7,,8,5,1,,4,3,2,1,2,4,5,7,8,3,6,,,,,,2,5,1,7,8,6,,3,4,6,2,4,3,,,7,,8,5,1,2,7,4,3,,6,,,5,1,8,4,5,,,,2,8,1,6,7,3
24,0,9/29/2022 14:25,9/29/2022 14:32,0,EN,1,4,2,3,1,1,3,2,4,2,1,4,3,1,3,4,2,2,1,4,3,0,6,6,4,4,6,6,5,4,2,4,1,3,21,1,1,1,1,,1,,1,1,,,1,1,,1,,3,2,1,6,4,5,6,,7,,8,5,1,,3,4,2,1,2,5,3,7,8,4,6,,,,,,2,5,1,7,8,,6,3,4,,2,3,5,6,,7,,8,4,1,2,7,3,5,,6,,,4,1,8,4,3,6,,,2,8,1,,7,5
24,1,9/29/2022 14:25,9/29/2022 14:32,0,EN,1,4,2,3,1,1,3,2,4,2,1,4,3,1,3,4,2,2,1,4,3,1,6,6,4,4,4,5,3,4,2,4,1,3,21,1,1,1,1,,1,,1,1,,,1,1,,1,,3,2,1,6,4,5,6,,7,,8,5,1,,3,4,2,1,2,5,3,7,8,4,6,,,,,,2,5,1,7,8,,6,3,4,,2,3,5,6,,7,,8,4,1,2,7,3,5,,6,,,4,1,8,4,3,6,,,2,8,1,,7,5
24,2,9/29/2022 14:25,9/29/2022 14:32,0,EN,1,4,2,3,1,1,3,2,4,2,1,4,3,1,3,4,2,2,1,4,3,1,6,7,3,2,4,6,4,3,2,4,1,3,21,1,1,1,0,,1,,1,1,,,1,1,,1,,3,2,1,6,4,5,6,,7,,8,5,1,,3,4,2,1,2,5,3,7,8,4,6,,,,,,2,5,1,7,8,,6,3,4,,2,3,5,6,,7,,8,4,1,2,7,3,5,,6,,,4,1,8,4,3,6,,,2,8,1,,7,5
24,3,9/29/2022 14:25,9/29/2022 14:32,0,EN,1,4,2,3,1,1,3,2,4,2,1,4,3,1,3,4,2,2,1,4,3,0,6,6,4,4,4,3,4,3,2,4,1,3,21,1,1,1,1,,1,,1,1,,,1,1,,1,,3,2,1,6,4,5,6,,7,,8,5,1,,3,4,2,1,2,5,3,7,8,4,6,,,,,,2,5,1,7,8,,6,3,4,,2,3,5,6,,7,,8,4,1,2,7,3,5,,6,,,4,1,8,4,3,6,,,2,8,1,,7,5
24,4,9/29/2022 14:25,9/29/2022 14:32,0,EN,1,4,2,3,1,1,3,2,4,2,1,4,3,1,3,4,2,2,1,4,3,1,6,7,4,4,5,6,4,5,2,4,1,3,21,1,1,1,0,,1,,1,1,,,1,1,,1,,3,2,1,6,4,5,6,,7,,8,5,1,,3,4,2,1,2,5,3,7,8,4,6,,,,,,2,5,1,7,8,,6,3,4,,2,3,5,6,,7,,8,4,1,2,7,3,5,,6,,,4,1,8,4,3,6,,,2,8,1,,7,5
24,5,9/29/2022 14:25,9/29/2022 14:32,0,EN,1,4,2,3,1,1,3,2,4,2,1,4,3,1,3,4,2,2,1,4,3,1,2,6,3,3,2,2,2,2,2,4,1,3,21,1,1,1,0,,1,,1,1,,,1,1,,1,,3,2,1,6,4,5,6,,7,,8,5,1,,3,4,2,1,2,5,3,7,8,4,6,,,,,,2,5,1,7,8,,6,3,4,,2,3,5,6,,7,,8,4,1,2,7,3,5,,6,,,4,1,8,4,3,6,,,2,8,1,,7,5
25,0,9/29/2022 15:24,9/29/2022 15:33,0,EN,1,3,1,2,4,3,1,2,4,4,3,2,1,4,3,2,1,4,3,1,2,1,6,6,4,4,5,5,5,5,1,3,4,2,18,1,0,1,1,,1,,1,1,,,1,,1,,1,2,4,5,3,1,6,6,,7,,8,4,1,,3,5,2,1,2,3,4,7,8,5,6,,,,,,2,4,1,7,8,,6,3,5,,2,4,3,6,,7,,8,5,1,2,7,3,5,6,,,,4,1,8,3,5,,,,2,8,1,6,7,4
25,1,9/29/2022 15:24,9/29/2022 15:33,0,EN,1,3,1,2,4,3,1,2,4,4,3,2,1,4,3,2,1,4,3,1,2,0,2,6,2,2,4,4,4,4,1,3,4,2,18,1,0,1,1,,1,,1,1,,,1,,1,,1,2,4,5,3,1,6,6,,7,,8,4,1,,3,5,2,1,2,3,4,7,8,5,6,,,,,,2,4,1,7,8,,6,3,5,,2,4,3,6,,7,,8,5,1,2,7,3,5,6,,,,4,1,8,3,5,,,,2,8,1,6,7,4
25,2,9/29/2022 15:24,9/29/2022 15:33,0,EN,1,3,1,2,4,3,1,2,4,4,3,2,1,4,3,2,1,4,3,1,2,1,6,6,3,3,5,5,5,5,1,3,4,2,18,1,0,1,0,,1,,1,1,,,1,,1,,1,2,4,5,3,1,6,6,,7,,8,4,1,,3,5,2,1,2,3,4,7,8,5,6,,,,,,2,4,1,7,8,,6,3,5,,2,4,3,6,,7,,8,5,1,2,7,3,5,6,,,,4,1,8,3,5,,,,2,8,1,6,7,4
25,3,9/29/2022 15:24,9/29/2022 15:33,0,EN,1,3,1,2,4,3,1,2,4,4,3,2,1,4,3,2,1,4,3,1,2,0,6,6,2,2,4,4,4,4,1,3,4,2,18,1,0,1,1,,1,,1,1,,,1,,1,,1,2,4,5,3,1,6,6,,7,,8,4,1,,3,5,2,1,2,3,4,7,8,5,6,,,,,,2,4,1,7,8,,6,3,5,,2,4,3,6,,7,,8,5,1,2,7,3,5,6,,,,4,1,8,3,5,,,,2,8,1,6,7,4
25,4,9/29/2022 15:24,9/29/2022 15:33,0,EN,1,3,1,2,4,3,1,2,4,4,3,2,1,4,3,2,1,4,3,1,2,1,2,6,2,2,4,4,4,4,1,3,4,2,18,1,0,1,1,,1,,1,1,,,1,,1,,1,2,4,5,3,1,6,6,,7,,8,4,1,,3,5,2,1,2,3,4,7,8,5,6,,,,,,2,4,1,7,8,,6,3,5,,2,4,3,6,,7,,8,5,1,2,7,3,5,6,,,,4,1,8,3,5,,,,2,8,1,6,7,4
25,5,9/29/2022 15:24,9/29/2022 15:33,0,EN,1,3,1,2,4,3,1,2,4,4,3,2,1,4,3,2,1,4,3,1,2,1,7,7,4,4,4,4,4,4,1,3,4,2,18,1,0,1,1,,1,,1,1,,,1,,1,,1,2,4,5,3,1,6,6,,7,,8,4,1,,3,5,2,1,2,3,4,7,8,5,6,,,,,,2,4,1,7,8,,6,3,5,,2,4,3,6,,7,,8,5,1,2,7,3,5,6,,,,4,1,8,3,5,,,,2,8,1,6,7,4
26,0,9/29/2022 16:35,9/29/2022 16:47,0,EN,1,4,2,3,1,3,2,1,4,2,4,3,1,4,2,3,1,3,2,1,4,0,2,2,4,4,1,1,1,1,1,2,4,3,20,0,-2,1,0,1,,,1,1,,,1,,1,1,,5,4,6,3,2,1,,,7,,8,3,1,6,5,4,2,1,2,4,3,7,8,5,6,,,,,,2,4,1,7,8,6,,5,3,,2,4,5,6,,7,,8,3,1,2,7,5,4,6,,,,3,1,8,3,5,,6,,2,8,1,,7,4
26,1,9/29/2022 16:35,9/29/2022 16:47,0,EN,1,4,2,3,1,3,2,1,4,2,4,3,1,4,2,3,1,3,2,1,4,0,2,2,2,2,1,1,1,1,1,2,4,3,20,0,-2,1,1,1,,,1,1,,,1,,1,1,,5,4,6,3,2,1,,,7,,8,3,1,6,5,4,2,1,2,4,3,7,8,5,6,,,,,,2,4,1,7,8,6,,5,3,,2,4,5,6,,7,,8,3,1,2,7,5,4,6,,,,3,1,8,3,5,,6,,2,8,1,,7,4
26,2,9/29/2022 16:35,9/29/2022 16:47,0,EN,1,4,2,3,1,3,2,1,4,2,4,3,1,4,2,3,1,3,2,1,4,0,1,1,5,5,1,1,1,1,1,2,4,3,20,0,-2,1,0,1,,,1,1,,,1,,1,1,,5,4,6,3,2,1,,,7,,8,3,1,6,5,4,2,1,2,4,3,7,8,5,6,,,,,,2,4,1,7,8,6,,5,3,,2,4,5,6,,7,,8,3,1,2,7,5,4,6,,,,3,1,8,3,5,,6,,2,8,1,,7,4
26,3,9/29/2022 16:35,9/29/2022 16:47,0,EN,1,4,2,3,1,3,2,1,4,2,4,3,1,4,2,3,1,3,2,1,4,0,6,6,5,5,4,4,3,2,1,2,4,3,20,0,-2,1,1,1,,,1,1,,,1,,1,1,,5,4,6,3,2,1,,,7,,8,3,1,6,5,4,2,1,2,4,3,7,8,5,6,,,,,,2,4,1,7,8,6,,5,3,,2,4,5,6,,7,,8,3,1,2,7,5,4,6,,,,3,1,8,3,5,,6,,2,8,1,,7,4
26,4,9/29/2022 16:35,9/29/2022 16:47,0,EN,1,4,2,3,1,3,2,1,4,2,4,3,1,4,2,3,1,3,2,1,4,1,6,6,3,3,4,4,2,1,1,2,4,3,20,0,-2,1,1,1,,,1,1,,,1,,1,1,,5,4,6,3,2,1,,,7,,8,3,1,6,5,4,2,1,2,4,3,7,8,5,6,,,,,,2,4,1,7,8,6,,5,3,,2,4,5,6,,7,,8,3,1,2,7,5,4,6,,,,3,1,8,3,5,,6,,2,8,1,,7,4
26,5,9/29/2022 16:35,9/29/2022 16:47,0,EN,1,4,2,3,1,3,2,1,4,2,4,3,1,4,2,3,1,3,2,1,4,1,6,6,2,2,5,4,1,1,1,2,4,3,20,0,-2,1,0,1,,,1,1,,,1,,1,1,,5,4,6,3,2,1,,,7,,8,3,1,6,5,4,2,1,2,4,3,7,8,5,6,,,,,,2,4,1,7,8,6,,5,3,,2,4,5,6,,7,,8,3,1,2,7,5,4,6,,,,3,1,8,3,5,,6,,2,8,1,,7,4
27,0,9/29/2022 17:00,9/29/2022 17:12,0,EN,1,2,3,1,4,4,1,2,3,2,1,4,3,1,4,3,2,3,4,2,1,0,2,2,3,3,4,3,3,2,1,4,3,2,16,1,0,1,0,1,,1,,1,,,1,1,,,1,4,3,1,6,2,5,,,7,6,8,3,1,,4,5,2,1,2,5,3,7,8,4,,6,,,,,2,3,1,7,8,6,,4,5,,2,3,5,6,,7,,8,4,1,2,7,4,5,,,,6,3,1,8,5,3,,,,2,8,1,6,7,4
27,1,9/29/2022 17:00,9/29/2022 17:12,0,EN,1,2,3,1,4,4,1,2,3,2,1,4,3,1,4,3,2,3,4,2,1,1,7,7,2,1,6,6,5,5,1,4,3,2,16,1,0,1,0,1,,1,,1,,,1,1,,,1,4,3,1,6,2,5,,,7,6,8,3,1,,4,5,2,1,2,5,3,7,8,4,,6,,,,,2,3,1,7,8,6,,4,5,,2,3,5,6,,7,,8,4,1,2,7,4,5,,,,6,3,1,8,5,3,,,,2,8,1,6,7,4
27,2,9/29/2022 17:00,9/29/2022 17:12,0,EN,1,2,3,1,4,4,1,2,3,2,1,4,3,1,4,3,2,3,4,2,1,1,6,7,2,2,4,5,1,3,1,4,3,2,16,1,0,1,0,1,,1,,1,,,1,1,,,1,4,3,1,6,2,5,,,7,6,8,3,1,,4,5,2,1,2,5,3,7,8,4,,6,,,,,2,3,1,7,8,6,,4,5,,2,3,5,6,,7,,8,4,1,2,7,4,5,,,,6,3,1,8,5,3,,,,2,8,1,6,7,4
27,3,9/29/2022 17:00,9/29/2022 17:12,0,EN,1,2,3,1,4,4,1,2,3,2,1,4,3,1,4,3,2,3,4,2,1,0,6,2,5,4,5,1,3,1,1,4,3,2,16,1,0,1,1,1,,1,,1,,,1,1,,,1,4,3,1,6,2,5,,,7,6,8,3,1,,4,5,2,1,2,5,3,7,8,4,,6,,,,,2,3,1,7,8,6,,4,5,,2,3,5,6,,7,,8,4,1,2,7,4,5,,,,6,3,1,8,5,3,,,,2,8,1,6,7,4
27,4,9/29/2022 17:00,9/29/2022 17:12,0,EN,1,2,3,1,4,4,1,2,3,2,1,4,3,1,4,3,2,3,4,2,1,2,2,2,1,1,3,2,1,2,1,4,3,2,16,1,0,1,0,1,,1,,1,,,1,1,,,1,4,3,1,6,2,5,,,7,6,8,3,1,,4,5,2,1,2,5,3,7,8,4,,6,,,,,2,3,1,7,8,6,,4,5,,2,3,5,6,,7,,8,4,1,2,7,4,5,,,,6,3,1,8,5,3,,,,2,8,1,6,7,4
27,5,9/29/2022 17:00,9/29/2022 17:12,0,EN,1,2,3,1,4,4,1,2,3,2,1,4,3,1,4,3,2,3,4,2,1,2,2,6,3,2,3,2,3,1,1,4,3,2,16,1,0,1,1,1,,1,,1,,,1,1,,,1,4,3,1,6,2,5,,,7,6,8,3,1,,4,5,2,1,2,5,3,7,8,4,,6,,,,,2,3,1,7,8,6,,4,5,,2,3,5,6,,7,,8,4,1,2,7,4,5,,,,6,3,1,8,5,3,,,,2,8,1,6,7,4
28,0,9/29/2022 19:18,9/29/2022 19:28,0,EN,1,1,2,3,4,3,4,2,1,1,3,4,2,3,1,4,2,3,1,2,4,1,6,7,5,5,4,6,4,3,2,3,1,4,17,1,2,1,1,,1,1,,1,,1,,,1,1,,5,2,6,3,4,1,6,,7,,8,4,1,,3,5,2,1,2,3,4,7,8,5,,,,6,6,,2,3,1,7,8,,,4,5,,2,3,5,,6,7,,8,4,1,2,7,3,4,6,,,,5,1,8,4,5,6,,,2,8,1,,7,3
28,1,9/29/2022 19:18,9/29/2022 19:28,0,EN,1,1,2,3,4,3,4,2,1,1,3,4,2,3,1,4,2,3,1,2,4,1,7,7,4,4,5,5,5,4,2,3,1,4,17,1,2,1,0,,1,1,,1,,1,,,1,1,,5,2,6,3,4,1,6,,7,,8,4,1,,3,5,2,1,2,3,4,7,8,5,,,,6,6,,2,3,1,7,8,,,4,5,,2,3,5,,6,7,,8,4,1,2,7,3,4,6,,,,5,1,8,4,5,6,,,2,8,1,,7,3
28,2,9/29/2022 19:18,9/29/2022 19:28,0,EN,1,1,2,3,4,3,4,2,1,1,3,4,2,3,1,4,2,3,1,2,4,1,7,8,1,1,5,6,7,6,2,3,1,4,17,1,2,1,0,,1,1,,1,,1,,,1,1,,5,2,6,3,4,1,6,,7,,8,4,1,,3,5,2,1,2,3,4,7,8,5,,,,6,6,,2,3,1,7,8,,,4,5,,2,3,5,,6,7,,8,4,1,2,7,3,4,6,,,,5,1,8,4,5,6,,,2,8,1,,7,3
28,3,9/29/2022 19:18,9/29/2022 19:28,0,EN,1,1,2,3,4,3,4,2,1,1,3,4,2,3,1,4,2,3,1,2,4,0,7,7,4,4,6,6,6,2,2,3,1,4,17,1,2,1,0,,1,1,,1,,1,,,1,1,,5,2,6,3,4,1,6,,7,,8,4,1,,3,5,2,1,2,3,4,7,8,5,,,,6,6,,2,3,1,7,8,,,4,5,,2,3,5,,6,7,,8,4,1,2,7,3,4,6,,,,5,1,8,4,5,6,,,2,8,1,,7,3
28,4,9/29/2022 19:18,9/29/2022 19:28,0,EN,1,1,2,3,4,3,4,2,1,1,3,4,2,3,1,4,2,3,1,2,4,2,2,1,2,2,3,4,4,2,2,3,1,4,17,1,2,1,1,,1,1,,1,,1,,,1,1,,5,2,6,3,4,1,6,,7,,8,4,1,,3,5,2,1,2,3,4,7,8,5,,,,6,6,,2,3,1,7,8,,,4,5,,2,3,5,,6,7,,8,4,1,2,7,3,4,6,,,,5,1,8,4,5,6,,,2,8,1,,7,3
28,5,9/29/2022 19:18,9/29/2022 19:28,0,EN,1,1,2,3,4,3,4,2,1,1,3,4,2,3,1,4,2,3,1,2,4,1,7,6,2,2,5,7,6,4,2,3,1,4,17,1,2,1,0,,1,1,,1,,1,,,1,1,,5,2,6,3,4,1,6,,7,,8,4,1,,3,5,2,1,2,3,4,7,8,5,,,,6,6,,2,3,1,7,8,,,4,5,,2,3,5,,6,7,,8,4,1,2,7,3,4,6,,,,5,1,8,4,5,6,,,2,8,1,,7,3
29,0,9/30/2022 11:23,9/30/2022 11:56,0,EN,1,4,1,3,2,1,2,4,3,3,2,4,1,2,1,4,3,2,4,3,1,0,6,2,3,4,5,4,4,5,4,1,2,3,18,0,0,1,1,,1,1,,1,,,1,,1,,1,1,2,5,3,6,4,6,,7,,8,5,1,,4,3,2,1,2,4,5,7,8,3,,,6,,6,,2,5,1,7,8,,,3,4,,2,5,3,6,,7,,8,4,1,2,7,3,5,6,,,,4,1,8,5,4,,,,2,8,1,6,7,3
29,1,9/30/2022 11:23,9/30/2022 11:56,0,EN,1,4,1,3,2,1,2,4,3,3,2,4,1,2,1,4,3,2,4,3,1,1,7,7,3,4,5,4,4,4,4,1,2,3,18,0,0,1,0,,1,1,,1,,,1,,1,,1,1,2,5,3,6,4,6,,7,,8,5,1,,4,3,2,1,2,4,5,7,8,3,,,6,,6,,2,5,1,7,8,,,3,4,,2,5,3,6,,7,,8,4,1,2,7,3,5,6,,,,4,1,8,5,4,,,,2,8,1,6,7,3
29,2,9/30/2022 11:23,9/30/2022 11:56,0,EN,1,4,1,3,2,1,2,4,3,3,2,4,1,2,1,4,3,2,4,3,1,1,7,7,2,1,5,5,5,6,4,1,2,3,18,0,0,1,0,,1,1,,1,,,1,,1,,1,1,2,5,3,6,4,6,,7,,8,5,1,,4,3,2,1,2,4,5,7,8,3,,,6,,6,,2,5,1,7,8,,,3,4,,2,5,3,6,,7,,8,4,1,2,7,3,5,6,,,,4,1,8,5,4,,,,2,8,1,6,7,3
29,3,9/30/2022 11:23,9/30/2022 11:56,0,EN,1,4,1,3,2,1,2,4,3,3,2,4,1,2,1,4,3,2,4,3,1,0,6,6,5,4,4,4,4,4,4,1,2,3,18,0,0,1,1,,1,1,,1,,,1,,1,,1,1,2,5,3,6,4,6,,7,,8,5,1,,4,3,2,1,2,4,5,7,8,3,,,6,,6,,2,5,1,7,8,,,3,4,,2,5,3,6,,7,,8,4,1,2,7,3,5,6,,,,4,1,8,5,4,,,,2,8,1,6,7,3
29,4,9/30/2022 11:23,9/30/2022 11:56,0,EN,1,4,1,3,2,1,2,4,3,3,2,4,1,2,1,4,3,2,4,3,1,1,7,7,4,4,5,5,5,6,4,1,2,3,18,0,0,1,1,,1,1,,1,,,1,,1,,1,1,2,5,3,6,4,6,,7,,8,5,1,,4,3,2,1,2,4,5,7,8,3,,,6,,6,,2,5,1,7,8,,,3,4,,2,5,3,6,,7,,8,4,1,2,7,3,5,6,,,,4,1,8,5,4,,,,2,8,1,6,7,3
29,5,9/30/2022 11:23,9/30/2022 11:56,0,EN,1,4,1,3,2,1,2,4,3,3,2,4,1,2,1,4,3,2,4,3,1,1,7,7,4,3,4,4,4,4,4,1,2,3,18,0,0,1,1,,1,1,,1,,,1,,1,,1,1,2,5,3,6,4,6,,7,,8,5,1,,4,3,2,1,2,4,5,7,8,3,,,6,,6,,2,5,1,7,8,,,3,4,,2,5,3,6,,7,,8,4,1,2,7,3,5,6,,,,4,1,8,5,4,,,,2,8,1,6,7,3
30,0,10/1/2022 11:57,10/1/2022 12:11,0,EN,1,2,3,1,4,4,3,2,1,3,2,1,4,2,4,1,3,1,4,2,3,1,7,7,2,2,6,6,6,6,1,2,4,3,18,1,3,1,0,1,,1,,,1,1,,1,,1,,4,6,5,3,2,1,,6,7,,8,4,1,,5,3,2,1,2,5,4,7,8,3,,,,6,,6,2,3,1,7,8,,,5,4,6,2,5,4,,,7,,8,3,1,2,7,3,5,,,,6,4,1,8,5,3,,6,,2,8,1,,7,4
30,1,10/1/2022 11:57,10/1/2022 12:11,0,EN,1,2,3,1,4,4,3,2,1,3,2,1,4,2,4,1,3,1,4,2,3,1,6,6,4,4,4,5,4,5,1,2,4,3,18,1,3,1,0,1,,1,,,1,1,,1,,1,,4,6,5,3,2,1,,6,7,,8,4,1,,5,3,2,1,2,5,4,7,8,3,,,,6,,6,2,3,1,7,8,,,5,4,6,2,5,4,,,7,,8,3,1,2,7,3,5,,,,6,4,1,8,5,3,,6,,2,8,1,,7,4
30,2,10/1/2022 11:57,10/1/2022 12:11,0,EN,1,2,3,1,4,4,3,2,1,3,2,1,4,2,4,1,3,1,4,2,3,1,7,7,4,5,5,6,5,6,1,2,4,3,18,1,3,1,1,1,,1,,,1,1,,1,,1,,4,6,5,3,2,1,,6,7,,8,4,1,,5,3,2,1,2,5,4,7,8,3,,,,6,,6,2,3,1,7,8,,,5,4,6,2,5,4,,,7,,8,3,1,2,7,3,5,,,,6,4,1,8,5,3,,6,,2,8,1,,7,4
30,3,10/1/2022 11:57,10/1/2022 12:11,0,EN,1,2,3,1,4,4,3,2,1,3,2,1,4,2,4,1,3,1,4,2,3,0,7,6,3,4,5,4,5,3,1,2,4,3,18,1,3,1,0,1,,1,,,1,1,,1,,1,,4,6,5,3,2,1,,6,7,,8,4,1,,5,3,2,1,2,5,4,7,8,3,,,,6,,6,2,3,1,7,8,,,5,4,6,2,5,4,,,7,,8,3,1,2,7,3,5,,,,6,4,1,8,5,3,,6,,2,8,1,,7,4
30,4,10/1/2022 11:57,10/1/2022 12:11,0,EN,1,2,3,1,4,4,3,2,1,3,2,1,4,2,4,1,3,1,4,2,3,1,6,6,2,2,4,5,4,5,1,2,4,3,18,1,3,1,0,1,,1,,,1,1,,1,,1,,4,6,5,3,2,1,,6,7,,8,4,1,,5,3,2,1,2,5,4,7,8,3,,,,6,,6,2,3,1,7,8,,,5,4,6,2,5,4,,,7,,8,3,1,2,7,3,5,,,,6,4,1,8,5,3,,6,,2,8,1,,7,4
30,5,10/1/2022 11:57,10/1/2022 12:11,0,EN,1,2,3,1,4,4,3,2,1,3,2,1,4,2,4,1,3,1,4,2,3,1,7,1,2,2,6,7,7,5,1,2,4,3,18,1,3,1,0,1,,1,,,1,1,,1,,1,,4,6,5,3,2,1,,6,7,,8,4,1,,5,3,2,1,2,5,4,7,8,3,,,,6,,6,2,3,1,7,8,,,5,4,6,2,5,4,,,7,,8,3,1,2,7,3,5,,,,6,4,1,8,5,3,,6,,2,8,1,,7,4
31,0,10/1/2022 20:40,10/1/2022 20:44,0,EN,1,1,3,2,4,3,2,4,1,4,2,3,1,3,4,1,2,3,1,2,4,0,6,6,3,3,4,4,5,3,2,1,3,4,22,0,2,1,1,,1,1,,1,,1,,,1,1,,2,5,3,1,4,6,6,,7,,8,5,1,,3,4,2,1,2,4,3,7,8,5,,,6,,,,2,3,1,7,8,,6,5,4,,2,3,4,,6,7,,8,5,1,2,7,5,4,6,,,,3,1,8,5,3,6,,,2,8,1,,7,4
31,1,10/1/2022 20:40,10/1/2022 20:44,0,EN,1,1,3,2,4,3,2,4,1,4,2,3,1,3,4,1,2,3,1,2,4,0,6,2,4,3,4,5,5,4,2,1,3,4,22,0,2,1,0,,1,1,,1,,1,,,1,1,,2,5,3,1,4,6,6,,7,,8,5,1,,3,4,2,1,2,4,3,7,8,5,,,6,,,,2,3,1,7,8,,6,5,4,,2,3,4,,6,7,,8,5,1,2,7,5,4,6,,,,3,1,8,5,3,6,,,2,8,1,,7,4
31,2,10/1/2022 20:40,10/1/2022 20:44,0,EN,1,1,3,2,4,3,2,4,1,4,2,3,1,3,4,1,2,3,1,2,4,0,6,7,3,2,3,5,4,4,2,1,3,4,22,0,2,1,0,,1,1,,1,,1,,,1,1,,2,5,3,1,4,6,6,,7,,8,5,1,,3,4,2,1,2,4,3,7,8,5,,,6,,,,2,3,1,7,8,,6,5,4,,2,3,4,,6,7,,8,5,1,2,7,5,4,6,,,,3,1,8,5,3,6,,,2,8,1,,7,4
31,3,10/1/2022 20:40,10/1/2022 20:44,0,EN,1,1,3,2,4,3,2,4,1,4,2,3,1,3,4,1,2,3,1,2,4,1,2,6,4,4,6,6,6,2,2,1,3,4,22,0,2,1,0,,1,1,,1,,1,,,1,1,,2,5,3,1,4,6,6,,7,,8,5,1,,3,4,2,1,2,4,3,7,8,5,,,6,,,,2,3,1,7,8,,6,5,4,,2,3,4,,6,7,,8,5,1,2,7,5,4,6,,,,3,1,8,5,3,6,,,2,8,1,,7,4
31,4,10/1/2022 20:40,10/1/2022 20:44,0,EN,1,1,3,2,4,3,2,4,1,4,2,3,1,3,4,1,2,3,1,2,4,1,6,6,3,3,4,5,5,4,2,1,3,4,22,0,2,1,1,,1,1,,1,,1,,,1,1,,2,5,3,1,4,6,6,,7,,8,5,1,,3,4,2,1,2,4,3,7,8,5,,,6,,,,2,3,1,7,8,,6,5,4,,2,3,4,,6,7,,8,5,1,2,7,5,4,6,,,,3,1,8,5,3,6,,,2,8,1,,7,4
31,5,10/1/2022 20:40,10/1/2022 20:44,0,EN,1,1,3,2,4,3,2,4,1,4,2,3,1,3,4,1,2,3,1,2,4,1,7,6,3,3,3,4,5,5,2,1,3,4,22,0,2,1,0,,1,1,,1,,1,,,1,1,,2,5,3,1,4,6,6,,7,,8,5,1,,3,4,2,1,2,4,3,7,8,5,,,6,,,,2,3,1,7,8,,6,5,4,,2,3,4,,6,7,,8,5,1,2,7,5,4,6,,,,3,1,8,5,3,6,,,2,8,1,,7,4
32,0,10/2/2022 13:11,10/2/2022 13:27,0,EN,1,3,2,4,1,4,2,1,3,3,1,2,4,1,2,4,3,2,3,4,1,0,2,6,2,3,4,3,3,3,3,2,1,4,22,1,0,1,1,,1,1,,1,,1,,1,,,1,6,4,3,5,1,2,6,,7,,8,3,1,,5,4,2,1,2,4,5,7,8,3,,6,,,,,2,3,1,7,8,6,,5,4,,2,5,4,,,7,6,8,3,1,2,7,4,3,,6,,,5,1,8,5,3,,,,2,8,1,6,7,4
32,1,10/2/2022 13:11,10/2/2022 13:27,0,EN,1,3,2,4,1,4,2,1,3,3,1,2,4,1,2,4,3,2,3,4,1,1,6,6,2,2,5,5,5,4,3,2,1,4,22,1,0,1,0,,1,1,,1,,1,,1,,,1,6,4,3,5,1,2,6,,7,,8,3,1,,5,4,2,1,2,4,5,7,8,3,,6,,,,,2,3,1,7,8,6,,5,4,,2,5,4,,,7,6,8,3,1,2,7,4,3,,6,,,5,1,8,5,3,,,,2,8,1,6,7,4
32,2,10/2/2022 13:11,10/2/2022 13:27,0,EN,1,3,2,4,1,4,2,1,3,3,1,2,4,1,2,4,3,2,3,4,1,1,7,7,2,2,6,6,6,6,3,2,1,4,22,1,0,1,0,,1,1,,1,,1,,1,,,1,6,4,3,5,1,2,6,,7,,8,3,1,,5,4,2,1,2,4,5,7,8,3,,6,,,,,2,3,1,7,8,6,,5,4,,2,5,4,,,7,6,8,3,1,2,7,4,3,,6,,,5,1,8,5,3,,,,2,8,1,6,7,4
32,3,10/2/2022 13:11,10/2/2022 13:27,0,EN,1,3,2,4,1,4,2,1,3,3,1,2,4,1,2,4,3,2,3,4,1,0,2,6,2,3,4,4,3,3,3,2,1,4,22,1,0,1,0,,1,1,,1,,1,,1,,,1,6,4,3,5,1,2,6,,7,,8,3,1,,5,4,2,1,2,4,5,7,8,3,,6,,,,,2,3,1,7,8,6,,5,4,,2,5,4,,,7,6,8,3,1,2,7,4,3,,6,,,5,1,8,5,3,,,,2,8,1,6,7,4
32,4,10/2/2022 13:11,10/2/2022 13:27,0,EN,1,3,2,4,1,4,2,1,3,3,1,2,4,1,2,4,3,2,3,4,1,2,1,6,2,2,2,2,1,3,3,2,1,4,22,1,0,1,0,,1,1,,1,,1,,1,,,1,6,4,3,5,1,2,6,,7,,8,3,1,,5,4,2,1,2,4,5,7,8,3,,6,,,,,2,3,1,7,8,6,,5,4,,2,5,4,,,7,6,8,3,1,2,7,4,3,,6,,,5,1,8,5,3,,,,2,8,1,6,7,4
32,5,10/2/2022 13:11,10/2/2022 13:27,0,EN,1,3,2,4,1,4,2,1,3,3,1,2,4,1,2,4,3,2,3,4,1,2,6,7,3,3,4,3,4,3,3,2,1,4,22,1,0,1,1,,1,1,,1,,1,,1,,,1,6,4,3,5,1,2,6,,7,,8,3,1,,5,4,2,1,2,4,5,7,8,3,,6,,,,,2,3,1,7,8,6,,5,4,,2,5,4,,,7,6,8,3,1,2,7,4,3,,6,,,5,1,8,5,3,,,,2,8,1,6,7,4
33,0,10/3/2022 10:29,10/3/2022 10:36,0,EN,1,4,2,1,3,3,4,1,2,1,4,3,2,4,3,2,1,3,2,1,4,0,6,6,3,3,4,4,4,4,1,2,4,3,22,1,0,1,0,1,,,1,,1,1,,,1,,1,5,4,1,3,2,6,,,7,6,8,3,1,,5,4,2,1,2,5,3,7,8,4,6,,,,,6,2,3,1,7,8,,,5,4,,2,4,5,,6,7,,8,3,1,2,7,3,5,6,,,,4,1,8,5,3,,,,2,8,1,6,7,4
33,1,10/3/2022 10:29,10/3/2022 10:36,0,EN,1,4,2,1,3,3,4,1,2,1,4,3,2,4,3,2,1,3,2,1,4,1,6,7,3,3,4,5,4,4,1,2,4,3,22,1,0,1,1,1,,,1,,1,1,,,1,,1,5,4,1,3,2,6,,,7,6,8,3,1,,5,4,2,1,2,5,3,7,8,4,6,,,,,6,2,3,1,7,8,,,5,4,,2,4,5,,6,7,,8,3,1,2,7,3,5,6,,,,4,1,8,5,3,,,,2,8,1,6,7,4
33,2,10/3/2022 10:29,10/3/2022 10:36,0,EN,1,4,2,1,3,3,4,1,2,1,4,3,2,4,3,2,1,3,2,1,4,1,6,6,4,4,4,6,5,5,1,2,4,3,22,1,0,1,1,1,,,1,,1,1,,,1,,1,5,4,1,3,2,6,,,7,6,8,3,1,,5,4,2,1,2,5,3,7,8,4,6,,,,,6,2,3,1,7,8,,,5,4,,2,4,5,,6,7,,8,3,1,2,7,3,5,6,,,,4,1,8,5,3,,,,2,8,1,6,7,4
33,3,10/3/2022 10:29,10/3/2022 10:36,0,EN,1,4,2,1,3,3,4,1,2,1,4,3,2,4,3,2,1,3,2,1,4,0,6,7,3,4,4,3,4,2,1,2,4,3,22,1,0,1,0,1,,,1,,1,1,,,1,,1,5,4,1,3,2,6,,,7,6,8,3,1,,5,4,2,1,2,5,3,7,8,4,6,,,,,6,2,3,1,7,8,,,5,4,,2,4,5,,6,7,,8,3,1,2,7,3,5,6,,,,4,1,8,5,3,,,,2,8,1,6,7,4
33,4,10/3/2022 10:29,10/3/2022 10:36,0,EN,1,4,2,1,3,3,4,1,2,1,4,3,2,4,3,2,1,3,2,1,4,1,7,7,4,4,4,6,4,5,1,2,4,3,22,1,0,1,1,1,,,1,,1,1,,,1,,1,5,4,1,3,2,6,,,7,6,8,3,1,,5,4,2,1,2,5,3,7,8,4,6,,,,,6,2,3,1,7,8,,,5,4,,2,4,5,,6,7,,8,3,1,2,7,3,5,6,,,,4,1,8,5,3,,,,2,8,1,6,7,4
33,5,10/3/2022 10:29,10/3/2022 10:36,0,EN,1,4,2,1,3,3,4,1,2,1,4,3,2,4,3,2,1,3,2,1,4,1,7,7,4,4,5,6,6,5,1,2,4,3,22,1,0,1,1,1,,,1,,1,1,,,1,,1,5,4,1,3,2,6,,,7,6,8,3,1,,5,4,2,1,2,5,3,7,8,4,6,,,,,6,2,3,1,7,8,,,5,4,,2,4,5,,6,7,,8,3,1,2,7,3,5,6,,,,4,1,8,5,3,,,,2,8,1,6,7,4
34,0,10/3/2022 11:12,10/3/2022 11:26,0,EN,1,2,4,1,3,3,2,4,1,2,3,1,4,1,4,3,2,2,1,4,3,0,7,7,3,2,5,3,4,3,2,3,1,4,20,1,-2,1,1,,1,,1,,1,,1,,1,1,,2,5,1,3,4,6,6,,7,,8,3,1,,4,5,2,1,2,5,4,7,8,3,6,,,,,6,2,3,1,7,8,,,4,5,,2,3,4,6,,7,,8,5,1,2,7,4,3,6,,,,5,1,8,5,3,,6,,2,8,1,,7,4
34,1,10/3/2022 11:12,10/3/2022 11:26,0,EN,1,2,4,1,3,3,2,4,1,2,3,1,4,1,4,3,2,2,1,4,3,1,6,7,3,5,6,3,6,5,2,3,1,4,20,1,-2,1,1,,1,,1,,1,,1,,1,1,,2,5,1,3,4,6,6,,7,,8,3,1,,4,5,2,1,2,5,4,7,8,3,6,,,,,6,2,3,1,7,8,,,4,5,,2,3,4,6,,7,,8,5,1,2,7,4,3,6,,,,5,1,8,5,3,,6,,2,8,1,,7,4
34,2,10/3/2022 11:12,10/3/2022 11:26,0,EN,1,2,4,1,3,3,2,4,1,2,3,1,4,1,4,3,2,2,1,4,3,1,8,8,5,5,7,6,7,6,2,3,1,4,20,1,-2,1,1,,1,,1,,1,,1,,1,1,,2,5,1,3,4,6,6,,7,,8,3,1,,4,5,2,1,2,5,4,7,8,3,6,,,,,6,2,3,1,7,8,,,4,5,,2,3,4,6,,7,,8,5,1,2,7,4,3,6,,,,5,1,8,5,3,,6,,2,8,1,,7,4
34,3,10/3/2022 11:12,10/3/2022 11:26,0,EN,1,2,4,1,3,3,2,4,1,2,3,1,4,1,4,3,2,2,1,4,3,1,6,6,5,5,6,4,6,3,2,3,1,4,20,1,-2,1,1,,1,,1,,1,,1,,1,1,,2,5,1,3,4,6,6,,7,,8,3,1,,4,5,2,1,2,5,4,7,8,3,6,,,,,6,2,3,1,7,8,,,4,5,,2,3,4,6,,7,,8,5,1,2,7,4,3,6,,,,5,1,8,5,3,,6,,2,8,1,,7,4
34,4,10/3/2022 11:12,10/3/2022 11:26,0,EN,1,2,4,1,3,3,2,4,1,2,3,1,4,1,4,3,2,2,1,4,3,1,7,7,3,4,6,7,2,5,2,3,1,4,20,1,-2,1,1,,1,,1,,1,,1,,1,1,,2,5,1,3,4,6,6,,7,,8,3,1,,4,5,2,1,2,5,4,7,8,3,6,,,,,6,2,3,1,7,8,,,4,5,,2,3,4,6,,7,,8,5,1,2,7,4,3,6,,,,5,1,8,5,3,,6,,2,8,1,,7,4
34,5,10/3/2022 11:12,10/3/2022 11:26,0,EN,1,2,4,1,3,3,2,4,1,2,3,1,4,1,4,3,2,2,1,4,3,2,2,1,3,2,1,1,2,1,2,3,1,4,20,1,-2,1,0,,1,,1,,1,,1,,1,1,,2,5,1,3,4,6,6,,7,,8,3,1,,4,5,2,1,2,5,4,7,8,3,6,,,,,6,2,3,1,7,8,,,4,5,,2,3,4,6,,7,,8,5,1,2,7,4,3,6,,,,5,1,8,5,3,,6,,2,8,1,,7,4
35,0,10/3/2022 13:37,10/3/2022 13:45,0,EN,1,3,1,2,4,2,1,4,3,2,1,3,4,1,2,3,4,3,4,2,1,0,6,1,1,4,6,6,6,2,4,1,3,2,18,1,1,1,0,1,,,1,1,,,1,1,,1,,1,6,4,2,5,3,,,7,6,8,5,1,,3,4,2,1,2,4,3,7,8,5,6,,,,,,2,5,1,7,8,6,,4,3,,2,3,5,6,,7,,8,4,1,2,7,3,4,,,,6,5,1,8,5,3,,,6,2,8,1,,7,4
35,1,10/3/2022 13:37,10/3/2022 13:45,0,EN,1,3,1,2,4,2,1,4,3,2,1,3,4,1,2,3,4,3,4,2,1,1,2,6,3,3,5,5,5,2,4,1,3,2,18,1,1,1,1,1,,,1,1,,,1,1,,1,,1,6,4,2,5,3,,,7,6,8,5,1,,3,4,2,1,2,4,3,7,8,5,6,,,,,,2,5,1,7,8,6,,4,3,,2,3,5,6,,7,,8,4,1,2,7,3,4,,,,6,5,1,8,5,3,,,6,2,8,1,,7,4
35,2,10/3/2022 13:37,10/3/2022 13:45,0,EN,1,3,1,2,4,2,1,4,3,2,1,3,4,1,2,3,4,3,4,2,1,1,6,6,3,2,6,6,6,2,4,1,3,2,18,1,1,1,0,1,,,1,1,,,1,1,,1,,1,6,4,2,5,3,,,7,6,8,5,1,,3,4,2,1,2,4,3,7,8,5,6,,,,,,2,5,1,7,8,6,,4,3,,2,3,5,6,,7,,8,4,1,2,7,3,4,,,,6,5,1,8,5,3,,,6,2,8,1,,7,4
35,3,10/3/2022 13:37,10/3/2022 13:45,0,EN,1,3,1,2,4,2,1,4,3,2,1,3,4,1,2,3,4,3,4,2,1,0,2,6,1,3,6,6,6,2,4,1,3,2,18,1,1,1,1,1,,,1,1,,,1,1,,1,,1,6,4,2,5,3,,,7,6,8,5,1,,3,4,2,1,2,4,3,7,8,5,6,,,,,,2,5,1,7,8,6,,4,3,,2,3,5,6,,7,,8,4,1,2,7,3,4,,,,6,5,1,8,5,3,,,6,2,8,1,,7,4
35,4,10/3/2022 13:37,10/3/2022 13:45,0,EN,1,3,1,2,4,2,1,4,3,2,1,3,4,1,2,3,4,3,4,2,1,1,6,6,3,3,5,5,5,4,4,1,3,2,18,1,1,1,0,1,,,1,1,,,1,1,,1,,1,6,4,2,5,3,,,7,6,8,5,1,,3,4,2,1,2,4,3,7,8,5,6,,,,,,2,5,1,7,8,6,,4,3,,2,3,5,6,,7,,8,4,1,2,7,3,4,,,,6,5,1,8,5,3,,,6,2,8,1,,7,4
35,5,10/3/2022 13:37,10/3/2022 13:45,0,EN,1,3,1,2,4,2,1,4,3,2,1,3,4,1,2,3,4,3,4,2,1,2,1,6,2,2,6,6,6,2,4,1,3,2,18,1,1,1,0,1,,,1,1,,,1,1,,1,,1,6,4,2,5,3,,,7,6,8,5,1,,3,4,2,1,2,4,3,7,8,5,6,,,,,,2,5,1,7,8,6,,4,3,,2,3,5,6,,7,,8,4,1,2,7,3,4,,,,6,5,1,8,5,3,,,6,2,8,1,,7,4
36,0,10/3/2022 16:47,10/3/2022 16:52,0,EN,1,4,2,3,1,4,2,1,3,2,4,3,1,2,3,4,1,1,4,3,2,0,1,1,4,4,2,1,2,1,3,4,1,2,18,1,-2,1,0,1,,1,,1,,,1,1,,,1,4,3,6,2,5,1,,,7,,8,5,1,6,3,4,2,1,2,3,4,7,8,5,,,,6,,,2,4,1,7,8,,6,5,3,,2,4,3,6,,7,,8,5,1,2,7,4,3,,,6,,5,1,8,3,5,,,,2,8,1,6,7,4
36,1,10/3/2022 16:47,10/3/2022 16:52,0,EN,1,4,2,3,1,4,2,1,3,2,4,3,1,2,3,4,1,1,4,3,2,1,7,6,3,4,5,4,5,4,3,4,1,2,18,1,-2,1,0,1,,1,,1,,,1,1,,,1,4,3,6,2,5,1,,,7,,8,5,1,6,3,4,2,1,2,3,4,7,8,5,,,,6,,,2,4,1,7,8,,6,5,3,,2,4,3,6,,7,,8,5,1,2,7,4,3,,,6,,5,1,8,3,5,,,,2,8,1,6,7,4
36,2,10/3/2022 16:47,10/3/2022 16:52,0,EN,1,4,2,3,1,4,2,1,3,2,4,3,1,2,3,4,1,1,4,3,2,1,7,7,3,4,5,5,5,4,3,4,1,2,18,1,-2,1,0,1,,1,,1,,,1,1,,,1,4,3,6,2,5,1,,,7,,8,5,1,6,3,4,2,1,2,3,4,7,8,5,,,,6,,,2,4,1,7,8,,6,5,3,,2,4,3,6,,7,,8,5,1,2,7,4,3,,,6,,5,1,8,3,5,,,,2,8,1,6,7,4
36,3,10/3/2022 16:47,10/3/2022 16:52,0,EN,1,4,2,3,1,4,2,1,3,2,4,3,1,2,3,4,1,1,4,3,2,0,2,2,3,3,4,3,3,2,3,4,1,2,18,1,-2,1,1,1,,1,,1,,,1,1,,,1,4,3,6,2,5,1,,,7,,8,5,1,6,3,4,2,1,2,3,4,7,8,5,,,,6,,,2,4,1,7,8,,6,5,3,,2,4,3,6,,7,,8,5,1,2,7,4,3,,,6,,5,1,8,3,5,,,,2,8,1,6,7,4
36,4,10/3/2022 16:47,10/3/2022 16:52,0,EN,1,4,2,3,1,4,2,1,3,2,4,3,1,2,3,4,1,1,4,3,2,1,6,6,1,1,4,4,4,4,3,4,1,2,18,1,-2,1,0,1,,1,,1,,,1,1,,,1,4,3,6,2,5,1,,,7,,8,5,1,6,3,4,2,1,2,3,4,7,8,5,,,,6,,,2,4,1,7,8,,6,5,3,,2,4,3,6,,7,,8,5,1,2,7,4,3,,,6,,5,1,8,3,5,,,,2,8,1,6,7,4
36,5,10/3/2022 16:47,10/3/2022 16:52,0,EN,1,4,2,3,1,4,2,1,3,2,4,3,1,2,3,4,1,1,4,3,2,1,6,6,3,4,5,5,5,4,3,4,1,2,18,1,-2,1,1,1,,1,,1,,,1,1,,,1,4,3,6,2,5,1,,,7,,8,5,1,6,3,4,2,1,2,3,4,7,8,5,,,,6,,,2,4,1,7,8,,6,5,3,,2,4,3,6,,7,,8,5,1,2,7,4,3,,,6,,5,1,8,3,5,,,,2,8,1,6,7,4
37,0,10/3/2022 19:47,10/3/2022 19:55,0,EN,1,1,4,2,3,3,2,4,1,4,2,3,1,4,1,3,2,2,1,3,4,0,7,7,4,4,4,4,5,2,4,3,2,1,19,1,1,1,0,1,,,1,1,,,1,1,,1,,2,4,6,3,5,1,,6,7,,8,5,1,,4,3,2,1,2,5,4,7,8,3,6,,,,6,,2,3,1,7,8,,,5,4,,2,3,4,6,,7,,8,5,1,2,7,4,3,,,,6,5,1,8,5,4,,,6,2,8,1,,7,3
37,1,10/3/2022 19:47,10/3/2022 19:55,0,EN,1,1,4,2,3,3,2,4,1,4,2,3,1,4,1,3,2,2,1,3,4,1,6,6,4,4,5,5,5,5,4,3,2,1,19,1,1,1,1,1,,,1,1,,,1,1,,1,,2,4,6,3,5,1,,6,7,,8,5,1,,4,3,2,1,2,5,4,7,8,3,6,,,,6,,2,3,1,7,8,,,5,4,,2,3,4,6,,7,,8,5,1,2,7,4,3,,,,6,5,1,8,5,4,,,6,2,8,1,,7,3
37,2,10/3/2022 19:47,10/3/2022 19:55,0,EN,1,1,4,2,3,3,2,4,1,4,2,3,1,4,1,3,2,2,1,3,4,1,8,7,2,2,6,5,5,4,4,3,2,1,19,1,1,1,0,1,,,1,1,,,1,1,,1,,2,4,6,3,5,1,,6,7,,8,5,1,,4,3,2,1,2,5,4,7,8,3,6,,,,6,,2,3,1,7,8,,,5,4,,2,3,4,6,,7,,8,5,1,2,7,4,3,,,,6,5,1,8,5,4,,,6,2,8,1,,7,3
37,3,10/3/2022 19:47,10/3/2022 19:55,0,EN,1,1,4,2,3,3,2,4,1,4,2,3,1,4,1,3,2,2,1,3,4,0,2,6,5,4,5,2,4,1,4,3,2,1,19,1,1,1,1,1,,,1,1,,,1,1,,1,,2,4,6,3,5,1,,6,7,,8,5,1,,4,3,2,1,2,5,4,7,8,3,6,,,,6,,2,3,1,7,8,,,5,4,,2,3,4,6,,7,,8,5,1,2,7,4,3,,,,6,5,1,8,5,4,,,6,2,8,1,,7,3
37,4,10/3/2022 19:47,10/3/2022 19:55,0,EN,1,1,4,2,3,3,2,4,1,4,2,3,1,4,1,3,2,2,1,3,4,1,7,7,2,2,6,5,6,3,4,3,2,1,19,1,1,1,0,1,,,1,1,,,1,1,,1,,2,4,6,3,5,1,,6,7,,8,5,1,,4,3,2,1,2,5,4,7,8,3,6,,,,6,,2,3,1,7,8,,,5,4,,2,3,4,6,,7,,8,5,1,2,7,4,3,,,,6,5,1,8,5,4,,,6,2,8,1,,7,3
37,5,10/3/2022 19:47,10/3/2022 19:55,0,EN,1,1,4,2,3,3,2,4,1,4,2,3,1,4,1,3,2,2,1,3,4,1,6,6,2,3,6,6,6,2,4,3,2,1,19,1,1,1,0,1,,,1,1,,,1,1,,1,,2,4,6,3,5,1,,6,7,,8,5,1,,4,3,2,1,2,5,4,7,8,3,6,,,,6,,2,3,1,7,8,,,5,4,,2,3,4,6,,7,,8,5,1,2,7,4,3,,,,6,5,1,8,5,4,,,6,2,8,1,,7,3
38,0,10/3/2022 21:10,10/3/2022 21:22,0,EN,1,2,1,4,3,1,3,4,2,3,2,4,1,2,4,3,1,1,3,2,4,0,6,6,4,4,5,5,2,4,1,3,4,2,18,1,0,1,1,,1,1,,1,,,1,1,,,1,1,4,5,2,3,6,6,,7,,8,3,1,,5,4,2,1,2,3,4,7,8,5,,,6,,,,2,5,1,7,8,6,,3,4,,2,3,4,6,,7,,8,5,1,2,7,5,4,,,6,,3,1,8,3,4,,,,2,8,1,6,7,5
38,1,10/3/2022 21:10,10/3/2022 21:22,0,EN,1,2,1,4,3,1,3,4,2,3,2,4,1,2,4,3,1,1,3,2,4,1,7,7,4,3,5,6,3,4,1,3,4,2,18,1,0,1,0,,1,1,,1,,,1,1,,,1,1,4,5,2,3,6,6,,7,,8,3,1,,5,4,2,1,2,3,4,7,8,5,,,6,,,,2,5,1,7,8,6,,3,4,,2,3,4,6,,7,,8,5,1,2,7,5,4,,,6,,3,1,8,3,4,,,,2,8,1,6,7,5
38,2,10/3/2022 21:10,10/3/2022 21:22,0,EN,1,2,1,4,3,1,3,4,2,3,2,4,1,2,4,3,1,1,3,2,4,1,6,6,2,4,6,5,5,5,1,3,4,2,18,1,0,1,0,,1,1,,1,,,1,1,,,1,1,4,5,2,3,6,6,,7,,8,3,1,,5,4,2,1,2,3,4,7,8,5,,,6,,,,2,5,1,7,8,6,,3,4,,2,3,4,6,,7,,8,5,1,2,7,5,4,,,6,,3,1,8,3,4,,,,2,8,1,6,7,5
38,3,10/3/2022 21:10,10/3/2022 21:22,0,EN,1,2,1,4,3,1,3,4,2,3,2,4,1,2,4,3,1,1,3,2,4,1,7,6,5,5,6,5,4,6,1,3,4,2,18,1,0,1,1,,1,1,,1,,,1,1,,,1,1,4,5,2,3,6,6,,7,,8,3,1,,5,4,2,1,2,3,4,7,8,5,,,6,,,,2,5,1,7,8,6,,3,4,,2,3,4,6,,7,,8,5,1,2,7,5,4,,,6,,3,1,8,3,4,,,,2,8,1,6,7,5
38,4,10/3/2022 21:10,10/3/2022 21:22,0,EN,1,2,1,4,3,1,3,4,2,3,2,4,1,2,4,3,1,1,3,2,4,2,6,2,2,2,4,5,2,4,1,3,4,2,18,1,0,1,0,,1,1,,1,,,1,1,,,1,1,4,5,2,3,6,6,,7,,8,3,1,,5,4,2,1,2,3,4,7,8,5,,,6,,,,2,5,1,7,8,6,,3,4,,2,3,4,6,,7,,8,5,1,2,7,5,4,,,6,,3,1,8,3,4,,,,2,8,1,6,7,5
38,5,10/3/2022 21:10,10/3/2022 21:22,0,EN,1,2,1,4,3,1,3,4,2,3,2,4,1,2,4,3,1,1,3,2,4,1,7,7,2,2,5,2,3,2,1,3,4,2,18,1,0,1,1,,1,1,,1,,,1,1,,,1,1,4,5,2,3,6,6,,7,,8,3,1,,5,4,2,1,2,3,4,7,8,5,,,6,,,,2,5,1,7,8,6,,3,4,,2,3,4,6,,7,,8,5,1,2,7,5,4,,,6,,3,1,8,3,4,,,,2,8,1,6,7,5
39,0,10/4/2022 9:32,10/4/2022 9:41,0,EN,1,2,4,3,1,3,4,1,2,4,3,1,2,1,4,2,3,4,1,2,3,0,6,6,3,3,4,4,4,4,1,4,3,2,20,0,-3,1,1,,1,,1,1,,1,,1,,1,,6,2,5,3,1,4,6,,7,,8,5,1,,4,3,2,1,2,4,5,7,8,3,6,,,,,,2,5,1,7,8,6,,4,3,,2,4,3,,,7,6,8,5,1,2,7,5,3,,,6,,4,1,8,4,5,,6,,2,8,1,,7,3
39,1,10/4/2022 9:32,10/4/2022 9:41,0,EN,1,2,4,3,1,3,4,1,2,4,3,1,2,1,4,2,3,4,1,2,3,0,6,6,3,3,4,4,5,6,1,4,3,2,20,0,-3,1,1,,1,,1,1,,1,,1,,1,,6,2,5,3,1,4,6,,7,,8,5,1,,4,3,2,1,2,4,5,7,8,3,6,,,,,,2,5,1,7,8,6,,4,3,,2,4,3,,,7,6,8,5,1,2,7,5,3,,,6,,4,1,8,4,5,,6,,2,8,1,,7,3
39,2,10/4/2022 9:32,10/4/2022 9:41,0,EN,1,2,4,3,1,3,4,1,2,4,3,1,2,1,4,2,3,4,1,2,3,1,7,8,4,4,4,4,4,4,1,4,3,2,20,0,-3,1,0,,1,,1,1,,1,,1,,1,,6,2,5,3,1,4,6,,7,,8,5,1,,4,3,2,1,2,4,5,7,8,3,6,,,,,,2,5,1,7,8,6,,4,3,,2,4,3,,,7,6,8,5,1,2,7,5,3,,,6,,4,1,8,4,5,,6,,2,8,1,,7,3
39,3,10/4/2022 9:32,10/4/2022 9:41,0,EN,1,2,4,3,1,3,4,1,2,4,3,1,2,1,4,2,3,4,1,2,3,0,6,6,3,3,5,3,4,2,1,4,3,2,20,0,-3,1,0,,1,,1,1,,1,,1,,1,,6,2,5,3,1,4,6,,7,,8,5,1,,4,3,2,1,2,4,5,7,8,3,6,,,,,,2,5,1,7,8,6,,4,3,,2,4,3,,,7,6,8,5,1,2,7,5,3,,,6,,4,1,8,4,5,,6,,2,8,1,,7,3
39,4,10/4/2022 9:32,10/4/2022 9:41,0,EN,1,2,4,3,1,3,4,1,2,4,3,1,2,1,4,2,3,4,1,2,3,1,6,6,3,3,3,6,6,6,1,4,3,2,20,0,-3,1,0,,1,,1,1,,1,,1,,1,,6,2,5,3,1,4,6,,7,,8,5,1,,4,3,2,1,2,4,5,7,8,3,6,,,,,,2,5,1,7,8,6,,4,3,,2,4,3,,,7,6,8,5,1,2,7,5,3,,,6,,4,1,8,4,5,,6,,2,8,1,,7,3
39,5,10/4/2022 9:32,10/4/2022 9:41,0,EN,1,2,4,3,1,3,4,1,2,4,3,1,2,1,4,2,3,4,1,2,3,1,6,6,3,3,5,4,4,4,1,4,3,2,20,0,-3,1,0,,1,,1,1,,1,,1,,1,,6,2,5,3,1,4,6,,7,,8,5,1,,4,3,2,1,2,4,5,7,8,3,6,,,,,,2,5,1,7,8,6,,4,3,,2,4,3,,,7,6,8,5,1,2,7,5,3,,,6,,4,1,8,4,5,,6,,2,8,1,,7,3
40,0,10/4/2022 8:23,10/4/2022 9:44,0,EN,1,3,4,1,2,2,1,3,4,4,3,2,1,3,1,2,4,2,1,4,3,0,6,1,4,4,4,1,4,1,2,1,3,4,21,1,0,1,0,1,,1,,,1,,1,1,,1,,3,1,5,2,4,6,,,7,6,8,3,1,,5,4,2,1,2,3,5,7,8,4,,,,6,,6,2,4,1,7,8,,,3,5,,2,5,3,6,,7,,8,4,1,2,7,3,5,,,,6,4,1,8,5,4,6,,,2,8,1,,7,3
40,1,10/4/2022 8:23,10/4/2022 9:44,0,EN,1,3,4,1,2,2,1,3,4,4,3,2,1,3,1,2,4,2,1,4,3,1,7,7,5,5,6,7,7,3,2,1,3,4,21,1,0,1,0,1,,1,,,1,,1,1,,1,,3,1,5,2,4,6,,,7,6,8,3,1,,5,4,2,1,2,3,5,7,8,4,,,,6,,6,2,4,1,7,8,,,3,5,,2,5,3,6,,7,,8,4,1,2,7,3,5,,,,6,4,1,8,5,4,6,,,2,8,1,,7,3
40,2,10/4/2022 8:23,10/4/2022 9:44,0,EN,1,3,4,1,2,2,1,3,4,4,3,2,1,3,1,2,4,2,1,4,3,1,8,8,5,5,7,7,7,7,2,1,3,4,21,1,0,1,1,1,,1,,,1,,1,1,,1,,3,1,5,2,4,6,,,7,6,8,3,1,,5,4,2,1,2,3,5,7,8,4,,,,6,,6,2,4,1,7,8,,,3,5,,2,5,3,6,,7,,8,4,1,2,7,3,5,,,,6,4,1,8,5,4,6,,,2,8,1,,7,3
40,3,10/4/2022 8:23,10/4/2022 9:44,0,EN,1,3,4,1,2,2,1,3,4,4,3,2,1,3,1,2,4,2,1,4,3,0,6,6,5,5,4,6,3,5,2,1,3,4,21,1,0,1,1,1,,1,,,1,,1,1,,1,,3,1,5,2,4,6,,,7,6,8,3,1,,5,4,2,1,2,3,5,7,8,4,,,,6,,6,2,4,1,7,8,,,3,5,,2,5,3,6,,7,,8,4,1,2,7,3,5,,,,6,4,1,8,5,4,6,,,2,8,1,,7,3
40,4,10/4/2022 8:23,10/4/2022 9:44,0,EN,1,3,4,1,2,2,1,3,4,4,3,2,1,3,1,2,4,2,1,4,3,1,8,8,3,2,7,7,7,7,2,1,3,4,21,1,0,1,0,1,,1,,,1,,1,1,,1,,3,1,5,2,4,6,,,7,6,8,3,1,,5,4,2,1,2,3,5,7,8,4,,,,6,,6,2,4,1,7,8,,,3,5,,2,5,3,6,,7,,8,4,1,2,7,3,5,,,,6,4,1,8,5,4,6,,,2,8,1,,7,3
40,5,10/4/2022 8:23,10/4/2022 9:44,0,EN,1,3,4,1,2,2,1,3,4,4,3,2,1,3,1,2,4,2,1,4,3,1,6,7,2,1,5,6,2,5,2,1,3,4,21,1,0,1,0,1,,1,,,1,,1,1,,1,,3,1,5,2,4,6,,,7,6,8,3,1,,5,4,2,1,2,3,5,7,8,4,,,,6,,6,2,4,1,7,8,,,3,5,,2,5,3,6,,7,,8,4,1,2,7,3,5,,,,6,4,1,8,5,4,6,,,2,8,1,,7,3
41,0,10/4/2022 11:04,10/4/2022 11:15,0,EN,1,2,3,4,1,1,4,3,2,1,3,4,2,2,4,1,3,3,1,2,4,0,2,2,4,2,4,2,2,2,1,2,4,3,23,0,-1,1,1,,1,,1,,1,,1,1,,,1,3,1,4,6,5,2,6,,7,,8,3,1,,5,4,2,1,2,4,5,7,8,3,6,,,,,6,2,5,1,7,8,,,3,4,,2,5,4,6,,7,,8,3,1,2,7,4,5,,6,,,3,1,8,3,4,,,,2,8,1,6,7,5
41,1,10/4/2022 11:04,10/4/2022 11:15,0,EN,1,2,3,4,1,1,4,3,2,1,3,4,2,2,4,1,3,3,1,2,4,1,6,7,4,5,6,6,4,4,1,2,4,3,23,0,-1,1,1,,1,,1,,1,,1,1,,,1,3,1,4,6,5,2,6,,7,,8,3,1,,5,4,2,1,2,4,5,7,8,3,6,,,,,6,2,5,1,7,8,,,3,4,,2,5,4,6,,7,,8,3,1,2,7,4,5,,6,,,3,1,8,3,4,,,,2,8,1,6,7,5
41,2,10/4/2022 11:04,10/4/2022 11:15,0,EN,1,2,3,4,1,1,4,3,2,1,3,4,2,2,4,1,3,3,1,2,4,1,7,8,5,5,6,6,4,6,1,2,4,3,23,0,-1,1,1,,1,,1,,1,,1,1,,,1,3,1,4,6,5,2,6,,7,,8,3,1,,5,4,2,1,2,4,5,7,8,3,6,,,,,6,2,5,1,7,8,,,3,4,,2,5,4,6,,7,,8,3,1,2,7,4,5,,6,,,3,1,8,3,4,,,,2,8,1,6,7,5
41,3,10/4/2022 11:04,10/4/2022 11:15,0,EN,1,2,3,4,1,1,4,3,2,1,3,4,2,2,4,1,3,3,1,2,4,1,6,6,5,5,6,4,5,4,1,2,4,3,23,0,-1,1,1,,1,,1,,1,,1,1,,,1,3,1,4,6,5,2,6,,7,,8,3,1,,5,4,2,1,2,4,5,7,8,3,6,,,,,6,2,5,1,7,8,,,3,4,,2,5,4,6,,7,,8,3,1,2,7,4,5,,6,,,3,1,8,3,4,,,,2,8,1,6,7,5
41,4,10/4/2022 11:04,10/4/2022 11:15,0,EN,1,2,3,4,1,1,4,3,2,1,3,4,2,2,4,1,3,3,1,2,4,1,6,7,2,2,5,6,4,4,1,2,4,3,23,0,-1,1,0,,1,,1,,1,,1,1,,,1,3,1,4,6,5,2,6,,7,,8,3,1,,5,4,2,1,2,4,5,7,8,3,6,,,,,6,2,5,1,7,8,,,3,4,,2,5,4,6,,7,,8,3,1,2,7,4,5,,6,,,3,1,8,3,4,,,,2,8,1,6,7,5
41,5,10/4/2022 11:04,10/4/2022 11:15,0,EN,1,2,3,4,1,1,4,3,2,1,3,4,2,2,4,1,3,3,1,2,4,1,6,6,4,4,4,6,4,4,1,2,4,3,23,0,-1,1,1,,1,,1,,1,,1,1,,,1,3,1,4,6,5,2,6,,7,,8,3,1,,5,4,2,1,2,4,5,7,8,3,6,,,,,6,2,5,1,7,8,,,3,4,,2,5,4,6,,7,,8,3,1,2,7,4,5,,6,,,3,1,8,3,4,,,,2,8,1,6,7,5
42,0,10/4/2022 13:47,10/4/2022 13:56,0,EN,1,3,2,4,1,3,2,4,1,1,3,4,2,3,4,2,1,1,4,3,2,1,8,7,1,1,6,6,6,6,3,1,4,2,18,1,1,1,0,1,,,1,,1,,1,,1,1,,4,3,5,6,1,2,,6,7,,8,3,1,,4,5,2,1,2,4,5,7,8,3,6,,,,,6,2,4,1,7,8,,,5,3,,2,3,4,6,,7,,8,5,1,2,7,3,5,6,,,,4,1,8,3,5,6,,,2,8,1,,7,4
42,1,10/4/2022 13:47,10/4/2022 13:56,0,EN,1,3,2,4,1,3,2,4,1,1,3,4,2,3,4,2,1,1,4,3,2,1,7,7,5,5,4,6,4,6,3,1,4,2,18,1,1,1,1,1,,,1,,1,,1,,1,1,,4,3,5,6,1,2,,6,7,,8,3,1,,4,5,2,1,2,4,5,7,8,3,6,,,,,6,2,4,1,7,8,,,5,3,,2,3,4,6,,7,,8,5,1,2,7,3,5,6,,,,4,1,8,3,5,6,,,2,8,1,,7,4
42,2,10/4/2022 13:47,10/4/2022 13:56,0,EN,1,3,2,4,1,3,2,4,1,1,3,4,2,3,4,2,1,1,4,3,2,1,7,7,3,3,6,6,6,6,3,1,4,2,18,1,1,1,1,1,,,1,,1,,1,,1,1,,4,3,5,6,1,2,,6,7,,8,3,1,,4,5,2,1,2,4,5,7,8,3,6,,,,,6,2,4,1,7,8,,,5,3,,2,3,4,6,,7,,8,5,1,2,7,3,5,6,,,,4,1,8,3,5,6,,,2,8,1,,7,4
42,3,10/4/2022 13:47,10/4/2022 13:56,0,EN,1,3,2,4,1,3,2,4,1,1,3,4,2,3,4,2,1,1,4,3,2,0,6,6,2,2,3,2,3,1,3,1,4,2,18,1,1,1,1,1,,,1,,1,,1,,1,1,,4,3,5,6,1,2,,6,7,,8,3,1,,4,5,2,1,2,4,5,7,8,3,6,,,,,6,2,4,1,7,8,,,5,3,,2,3,4,6,,7,,8,5,1,2,7,3,5,6,,,,4,1,8,3,5,6,,,2,8,1,,7,4
42,4,10/4/2022 13:47,10/4/2022 13:56,0,EN,1,3,2,4,1,3,2,4,1,1,3,4,2,3,4,2,1,1,4,3,2,2,6,6,4,3,4,2,4,2,3,1,4,2,18,1,1,1,1,1,,,1,,1,,1,,1,1,,4,3,5,6,1,2,,6,7,,8,3,1,,4,5,2,1,2,4,5,7,8,3,6,,,,,6,2,4,1,7,8,,,5,3,,2,3,4,6,,7,,8,5,1,2,7,3,5,6,,,,4,1,8,3,5,6,,,2,8,1,,7,4
42,5,10/4/2022 13:47,10/4/2022 13:56,0,EN,1,3,2,4,1,3,2,4,1,1,3,4,2,3,4,2,1,1,4,3,2,2,1,2,4,4,5,1,4,5,3,1,4,2,18,1,1,1,0,1,,,1,,1,,1,,1,1,,4,3,5,6,1,2,,6,7,,8,3,1,,4,5,2,1,2,4,5,7,8,3,6,,,,,6,2,4,1,7,8,,,5,3,,2,3,4,6,,7,,8,5,1,2,7,3,5,6,,,,4,1,8,3,5,6,,,2,8,1,,7,4
43,0,10/5/2022 11:09,10/5/2022 11:22,0,EN,1,1,2,3,4,3,4,2,1,2,3,4,1,4,3,2,1,2,3,4,1,0,6,6,3,4,3,3,3,4,1,2,4,3,18,1,0,1,1,,1,,1,,1,,1,,1,,1,3,1,4,2,6,5,6,,7,,8,3,1,,5,4,2,1,2,3,4,7,8,5,6,,,,,6,2,5,1,7,8,,,3,4,,2,3,4,6,,7,,8,5,1,2,7,3,5,6,,,,4,1,8,5,4,,,,2,8,1,6,7,3
43,1,10/5/2022 11:09,10/5/2022 11:22,0,EN,1,1,2,3,4,3,4,2,1,2,3,4,1,4,3,2,1,2,3,4,1,1,7,7,4,4,6,5,6,3,1,2,4,3,18,1,0,1,1,,1,,1,,1,,1,,1,,1,3,1,4,2,6,5,6,,7,,8,3,1,,5,4,2,1,2,3,4,7,8,5,6,,,,,6,2,5,1,7,8,,,3,4,,2,3,4,6,,7,,8,5,1,2,7,3,5,6,,,,4,1,8,5,4,,,,2,8,1,6,7,3
43,2,10/5/2022 11:09,10/5/2022 11:22,0,EN,1,1,2,3,4,3,4,2,1,2,3,4,1,4,3,2,1,2,3,4,1,1,7,6,4,4,5,6,5,6,1,2,4,3,18,1,0,1,1,,1,,1,,1,,1,,1,,1,3,1,4,2,6,5,6,,7,,8,3,1,,5,4,2,1,2,3,4,7,8,5,6,,,,,6,2,5,1,7,8,,,3,4,,2,3,4,6,,7,,8,5,1,2,7,3,5,6,,,,4,1,8,5,4,,,,2,8,1,6,7,3
43,3,10/5/2022 11:09,10/5/2022 11:22,0,EN,1,1,2,3,4,3,4,2,1,2,3,4,1,4,3,2,1,2,3,4,1,0,8,8,5,5,5,4,5,5,1,2,4,3,18,1,0,1,1,,1,,1,,1,,1,,1,,1,3,1,4,2,6,5,6,,7,,8,3,1,,5,4,2,1,2,3,4,7,8,5,6,,,,,6,2,5,1,7,8,,,3,4,,2,3,4,6,,7,,8,5,1,2,7,3,5,6,,,,4,1,8,5,4,,,,2,8,1,6,7,3
43,4,10/5/2022 11:09,10/5/2022 11:22,0,EN,1,1,2,3,4,3,4,2,1,2,3,4,1,4,3,2,1,2,3,4,1,1,7,7,4,4,6,7,6,7,1,2,4,3,18,1,0,1,1,,1,,1,,1,,1,,1,,1,3,1,4,2,6,5,6,,7,,8,3,1,,5,4,2,1,2,3,4,7,8,5,6,,,,,6,2,5,1,7,8,,,3,4,,2,3,4,6,,7,,8,5,1,2,7,3,5,6,,,,4,1,8,5,4,,,,2,8,1,6,7,3
43,5,10/5/2022 11:09,10/5/2022 11:22,0,EN,1,1,2,3,4,3,4,2,1,2,3,4,1,4,3,2,1,2,3,4,1,1,8,8,5,5,7,7,7,6,1,2,4,3,18,1,0,1,1,,1,,1,,1,,1,,1,,1,3,1,4,2,6,5,6,,7,,8,3,1,,5,4,2,1,2,3,4,7,8,5,6,,,,,6,2,5,1,7,8,,,3,4,,2,3,4,6,,7,,8,5,1,2,7,3,5,6,,,,4,1,8,5,4,,,,2,8,1,6,7,3
44,0,10/5/2022 11:22,10/5/2022 11:26,0,EN,1,1,2,3,4,1,2,4,3,4,3,1,2,1,3,2,4,4,2,1,3,0,6,2,3,2,5,5,5,5,3,4,2,1,18,1,0,1,0,1,,1,,1,,,1,,1,1,,2,5,6,1,4,3,,,7,6,8,4,1,,3,5,2,1,2,4,5,7,8,3,,,6,,,,2,3,1,7,8,6,,4,5,,2,3,4,6,,7,,8,5,1,2,7,4,3,6,,,,5,1,8,4,3,,,6,2,8,1,,7,5
44,1,10/5/2022 11:22,10/5/2022 11:26,0,EN,1,1,2,3,4,1,2,4,3,4,3,1,2,1,3,2,4,4,2,1,3,1,7,7,5,4,6,6,6,6,3,4,2,1,18,1,0,1,0,1,,1,,1,,,1,,1,1,,2,5,6,1,4,3,,,7,6,8,4,1,,3,5,2,1,2,4,5,7,8,3,,,6,,,,2,3,1,7,8,6,,4,5,,2,3,4,6,,7,,8,5,1,2,7,4,3,6,,,,5,1,8,4,3,,,6,2,8,1,,7,5
44,2,10/5/2022 11:22,10/5/2022 11:26,0,EN,1,1,2,3,4,1,2,4,3,4,3,1,2,1,3,2,4,4,2,1,3,1,7,7,3,2,5,6,5,6,3,4,2,1,18,1,0,1,0,1,,1,,1,,,1,,1,1,,2,5,6,1,4,3,,,7,6,8,4,1,,3,5,2,1,2,4,5,7,8,3,,,6,,,,2,3,1,7,8,6,,4,5,,2,3,4,6,,7,,8,5,1,2,7,4,3,6,,,,5,1,8,4,3,,,6,2,8,1,,7,5
44,3,10/5/2022 11:22,10/5/2022 11:26,0,EN,1,1,2,3,4,1,2,4,3,4,3,1,2,1,3,2,4,4,2,1,3,1,7,7,5,5,6,5,6,5,3,4,2,1,18,1,0,1,1,1,,1,,1,,,1,,1,1,,2,5,6,1,4,3,,,7,6,8,4,1,,3,5,2,1,2,4,5,7,8,3,,,6,,,,2,3,1,7,8,6,,4,5,,2,3,4,6,,7,,8,5,1,2,7,4,3,6,,,,5,1,8,4,3,,,6,2,8,1,,7,5
44,4,10/5/2022 11:22,10/5/2022 11:26,0,EN,1,1,2,3,4,1,2,4,3,4,3,1,2,1,3,2,4,4,2,1,3,1,7,7,4,4,6,7,6,7,3,4,2,1,18,1,0,1,1,1,,1,,1,,,1,,1,1,,2,5,6,1,4,3,,,7,6,8,4,1,,3,5,2,1,2,4,5,7,8,3,,,6,,,,2,3,1,7,8,6,,4,5,,2,3,4,6,,7,,8,5,1,2,7,4,3,6,,,,5,1,8,4,3,,,6,2,8,1,,7,5
44,5,10/5/2022 11:22,10/5/2022 11:26,0,EN,1,1,2,3,4,1,2,4,3,4,3,1,2,1,3,2,4,4,2,1,3,1,8,8,1,1,7,7,7,7,3,4,2,1,18,1,0,1,0,1,,1,,1,,,1,,1,1,,2,5,6,1,4,3,,,7,6,8,4,1,,3,5,2,1,2,4,5,7,8,3,,,6,,,,2,3,1,7,8,6,,4,5,,2,3,4,6,,7,,8,5,1,2,7,4,3,6,,,,5,1,8,4,3,,,6,2,8,1,,7,5
45,0,10/5/2022 11:30,10/5/2022 11:45,0,EN,1,1,2,4,3,3,2,4,1,2,3,4,1,1,4,2,3,2,4,1,3,1,7,7,4,4,4,4,4,2,2,1,3,4,18,0,2,1,0,1,,,1,,1,,1,1,,,1,4,2,1,3,5,6,,6,7,,8,4,1,,3,5,2,1,2,4,3,7,8,5,6,,,,,6,2,3,1,7,8,,,5,4,,2,4,5,6,,7,,8,3,1,2,7,4,3,,6,,,5,1,8,3,5,,,,2,8,1,6,7,4
45,1,10/5/2022 11:30,10/5/2022 11:45,0,EN,1,1,2,4,3,3,2,4,1,2,3,4,1,1,4,2,3,2,4,1,3,1,6,6,4,4,4,6,4,5,2,1,3,4,18,0,2,1,1,1,,,1,,1,,1,1,,,1,4,2,1,3,5,6,,6,7,,8,4,1,,3,5,2,1,2,4,3,7,8,5,6,,,,,6,2,3,1,7,8,,,5,4,,2,4,5,6,,7,,8,3,1,2,7,4,3,,6,,,5,1,8,3,5,,,,2,8,1,6,7,4
45,2,10/5/2022 11:30,10/5/2022 11:45,0,EN,1,1,2,4,3,3,2,4,1,2,3,4,1,1,4,2,3,2,4,1,3,1,6,6,4,3,5,7,4,6,2,1,3,4,18,0,2,1,1,1,,,1,,1,,1,1,,,1,4,2,1,3,5,6,,6,7,,8,4,1,,3,5,2,1,2,4,3,7,8,5,6,,,,,6,2,3,1,7,8,,,5,4,,2,4,5,6,,7,,8,3,1,2,7,4,3,,6,,,5,1,8,3,5,,,,2,8,1,6,7,4
45,3,10/5/2022 11:30,10/5/2022 11:45,0,EN,1,1,2,4,3,3,2,4,1,2,3,4,1,1,4,2,3,2,4,1,3,0,6,6,3,4,4,4,4,2,2,1,3,4,18,0,2,1,1,1,,,1,,1,,1,1,,,1,4,2,1,3,5,6,,6,7,,8,4,1,,3,5,2,1,2,4,3,7,8,5,6,,,,,6,2,3,1,7,8,,,5,4,,2,4,5,6,,7,,8,3,1,2,7,4,3,,6,,,5,1,8,3,5,,,,2,8,1,6,7,4
45,4,10/5/2022 11:30,10/5/2022 11:45,0,EN,1,1,2,4,3,3,2,4,1,2,3,4,1,1,4,2,3,2,4,1,3,2,1,2,3,3,4,2,4,4,2,1,3,4,18,0,2,1,0,1,,,1,,1,,1,1,,,1,4,2,1,3,5,6,,6,7,,8,4,1,,3,5,2,1,2,4,3,7,8,5,6,,,,,6,2,3,1,7,8,,,5,4,,2,4,5,6,,7,,8,3,1,2,7,4,3,,6,,,5,1,8,3,5,,,,2,8,1,6,7,4
45,5,10/5/2022 11:30,10/5/2022 11:45,0,EN,1,1,2,4,3,3,2,4,1,2,3,4,1,1,4,2,3,2,4,1,3,2,2,6,5,5,4,3,4,2,2,1,3,4,18,0,2,1,1,1,,,1,,1,,1,1,,,1,4,2,1,3,5,6,,6,7,,8,4,1,,3,5,2,1,2,4,3,7,8,5,6,,,,,6,2,3,1,7,8,,,5,4,,2,4,5,6,,7,,8,3,1,2,7,4,3,,6,,,5,1,8,3,5,,,,2,8,1,6,7,4
46,0,10/6/2022 10:59,10/6/2022 11:10,0,EN,1,2,3,4,1,1,2,4,3,2,3,1,4,2,3,1,4,4,2,3,1,0,2,2,4,4,4,6,6,5,1,3,2,4,18,0,0,1,0,1,,,1,,1,,1,,1,,1,2,6,5,3,4,1,,,7,,8,3,1,6,4,5,2,1,2,3,4,7,8,5,6,,,,,6,2,5,1,7,8,,,3,4,,2,4,3,6,,7,,8,5,1,2,7,5,3,6,,,,4,1,8,5,3,,,,2,8,1,6,7,4
46,1,10/6/2022 10:59,10/6/2022 11:10,0,EN,1,2,3,4,1,1,2,4,3,2,3,1,4,2,3,1,4,4,2,3,1,1,7,7,4,4,6,6,6,4,1,3,2,4,18,0,0,1,1,1,,,1,,1,,1,,1,,1,2,6,5,3,4,1,,,7,,8,3,1,6,4,5,2,1,2,3,4,7,8,5,6,,,,,6,2,5,1,7,8,,,3,4,,2,4,3,6,,7,,8,5,1,2,7,5,3,6,,,,4,1,8,5,3,,,,2,8,1,6,7,4
46,2,10/6/2022 10:59,10/6/2022 11:10,0,EN,1,2,3,4,1,1,2,4,3,2,3,1,4,2,3,1,4,4,2,3,1,1,8,8,5,5,7,6,7,4,1,3,2,4,18,0,0,1,1,1,,,1,,1,,1,,1,,1,2,6,5,3,4,1,,,7,,8,3,1,6,4,5,2,1,2,3,4,7,8,5,6,,,,,6,2,5,1,7,8,,,3,4,,2,4,3,6,,7,,8,5,1,2,7,5,3,6,,,,4,1,8,5,3,,,,2,8,1,6,7,4
46,3,10/6/2022 10:59,10/6/2022 11:10,0,EN,1,2,3,4,1,1,2,4,3,2,3,1,4,2,3,1,4,4,2,3,1,1,7,7,5,5,7,5,5,4,1,3,2,4,18,0,0,1,1,1,,,1,,1,,1,,1,,1,2,6,5,3,4,1,,,7,,8,3,1,6,4,5,2,1,2,3,4,7,8,5,6,,,,,6,2,5,1,7,8,,,3,4,,2,4,3,6,,7,,8,5,1,2,7,5,3,6,,,,4,1,8,5,3,,,,2,8,1,6,7,4
46,4,10/6/2022 10:59,10/6/2022 11:10,0,EN,1,2,3,4,1,1,2,4,3,2,3,1,4,2,3,1,4,4,2,3,1,2,2,2,2,2,3,3,4,1,1,3,2,4,18,0,0,1,1,1,,,1,,1,,1,,1,,1,2,6,5,3,4,1,,,7,,8,3,1,6,4,5,2,1,2,3,4,7,8,5,6,,,,,6,2,5,1,7,8,,,3,4,,2,4,3,6,,7,,8,5,1,2,7,5,3,6,,,,4,1,8,5,3,,,,2,8,1,6,7,4
46,5,10/6/2022 10:59,10/6/2022 11:10,0,EN,1,2,3,4,1,1,2,4,3,2,3,1,4,2,3,1,4,4,2,3,1,1,6,2,5,4,3,6,2,7,1,3,2,4,18,0,0,1,1,1,,,1,,1,,1,,1,,1,2,6,5,3,4,1,,,7,,8,3,1,6,4,5,2,1,2,3,4,7,8,5,6,,,,,6,2,5,1,7,8,,,3,4,,2,4,3,6,,7,,8,5,1,2,7,5,3,6,,,,4,1,8,5,3,,,,2,8,1,6,7,4
47,0,10/25/2022 12:16,10/25/2022 12:22,0,EN,1,2,3,1,4,2,3,1,4,4,3,2,1,3,1,2,4,4,1,2,3,1,7,7,3,2,6,6,6,5,3,2,4,1,18,1,1,1,0,1,,1,,1,,,1,1,,1,,2,4,6,3,5,1,,6,7,,8,5,1,,3,4,2,1,2,4,3,7,8,5,,,,6,,,2,3,1,7,8,,6,5,4,,2,3,5,6,,7,,8,4,1,2,7,5,4,,,,6,3,1,8,4,5,,,6,2,8,1,,7,3
47,1,10/25/2022 12:16,10/25/2022 12:22,0,EN,1,2,3,1,4,2,3,1,4,4,3,2,1,3,1,2,4,4,1,2,3,1,7,7,4,4,5,6,5,5,3,2,4,1,18,1,1,1,0,1,,1,,1,,,1,1,,1,,2,4,6,3,5,1,,6,7,,8,5,1,,3,4,2,1,2,4,3,7,8,5,,,,6,,,2,3,1,7,8,,6,5,4,,2,3,5,6,,7,,8,4,1,2,7,5,4,,,,6,3,1,8,4,5,,,6,2,8,1,,7,3
47,2,10/25/2022 12:16,10/25/2022 12:22,0,EN,1,2,3,1,4,2,3,1,4,4,3,2,1,3,1,2,4,4,1,2,3,1,8,8,4,4,5,6,5,6,3,2,4,1,18,1,1,1,0,1,,1,,1,,,1,1,,1,,2,4,6,3,5,1,,6,7,,8,5,1,,3,4,2,1,2,4,3,7,8,5,,,,6,,,2,3,1,7,8,,6,5,4,,2,3,5,6,,7,,8,4,1,2,7,5,4,,,,6,3,1,8,4,5,,,6,2,8,1,,7,3
47,3,10/25/2022 12:16,10/25/2022 12:22,0,EN,1,2,3,1,4,2,3,1,4,4,3,2,1,3,1,2,4,4,1,2,3,0,6,2,4,4,5,4,5,4,3,2,4,1,18,1,1,1,1,1,,1,,1,,,1,1,,1,,2,4,6,3,5,1,,6,7,,8,5,1,,3,4,2,1,2,4,3,7,8,5,,,,6,,,2,3,1,7,8,,6,5,4,,2,3,5,6,,7,,8,4,1,2,7,5,4,,,,6,3,1,8,4,5,,,6,2,8,1,,7,3
47,4,10/25/2022 12:16,10/25/2022 12:22,0,EN,1,2,3,1,4,2,3,1,4,4,3,2,1,3,1,2,4,4,1,2,3,1,7,7,4,4,5,6,5,6,3,2,4,1,18,1,1,1,0,1,,1,,1,,,1,1,,1,,2,4,6,3,5,1,,6,7,,8,5,1,,3,4,2,1,2,4,3,7,8,5,,,,6,,,2,3,1,7,8,,6,5,4,,2,3,5,6,,7,,8,4,1,2,7,5,4,,,,6,3,1,8,4,5,,,6,2,8,1,,7,3
47,5,10/25/2022 12:16,10/25/2022 12:22,0,EN,1,2,3,1,4,2,3,1,4,4,3,2,1,3,1,2,4,4,1,2,3,1,6,6,4,4,4,4,4,2,3,2,4,1,18,1,1,1,0,1,,1,,1,,,1,1,,1,,2,4,6,3,5,1,,6,7,,8,5,1,,3,4,2,1,2,4,3,7,8,5,,,,6,,,2,3,1,7,8,,6,5,4,,2,3,5,6,,7,,8,4,1,2,7,5,4,,,,6,3,1,8,4,5,,,6,2,8,1,,7,3
48,0,10/25/2022 14:05,10/25/2022 14:12,0,EN,1,4,2,3,1,1,4,2,3,1,2,3,4,4,1,3,2,4,2,3,1,1,7,7,4,4,6,6,6,4,4,2,3,1,21,1,3,1,1,,1,,1,,1,1,,,1,1,,3,2,6,5,4,1,6,,7,,8,5,1,,4,3,2,1,2,5,4,7,8,3,6,,,,,6,2,3,1,7,8,,,4,5,6,2,4,5,,,7,,8,3,1,2,7,3,5,6,,,,4,1,8,3,5,,6,,2,8,1,,7,4
48,1,10/25/2022 14:05,10/25/2022 14:12,0,EN,1,4,2,3,1,1,4,2,3,1,2,3,4,4,1,3,2,4,2,3,1,1,6,7,3,3,6,6,6,4,4,2,3,1,21,1,3,1,1,,1,,1,,1,1,,,1,1,,3,2,6,5,4,1,6,,7,,8,5,1,,4,3,2,1,2,5,4,7,8,3,6,,,,,6,2,3,1,7,8,,,4,5,6,2,4,5,,,7,,8,3,1,2,7,3,5,6,,,,4,1,8,3,5,,6,,2,8,1,,7,4
48,2,10/25/2022 14:05,10/25/2022 14:12,0,EN,1,4,2,3,1,1,4,2,3,1,2,3,4,4,1,3,2,4,2,3,1,1,7,7,4,4,6,6,6,4,4,2,3,1,21,1,3,1,1,,1,,1,,1,1,,,1,1,,3,2,6,5,4,1,6,,7,,8,5,1,,4,3,2,1,2,5,4,7,8,3,6,,,,,6,2,3,1,7,8,,,4,5,6,2,4,5,,,7,,8,3,1,2,7,3,5,6,,,,4,1,8,3,5,,6,,2,8,1,,7,4
48,3,10/25/2022 14:05,10/25/2022 14:12,0,EN,1,4,2,3,1,1,4,2,3,1,2,3,4,4,1,3,2,4,2,3,1,1,7,7,4,4,6,6,6,4,4,2,3,1,21,1,3,1,0,,1,,1,,1,1,,,1,1,,3,2,6,5,4,1,6,,7,,8,5,1,,4,3,2,1,2,5,4,7,8,3,6,,,,,6,2,3,1,7,8,,,4,5,6,2,4,5,,,7,,8,3,1,2,7,3,5,6,,,,4,1,8,3,5,,6,,2,8,1,,7,4
48,4,10/25/2022 14:05,10/25/2022 14:12,0,EN,1,4,2,3,1,1,4,2,3,1,2,3,4,4,1,3,2,4,2,3,1,2,2,6,3,3,3,3,3,4,4,2,3,1,21,1,3,1,1,,1,,1,,1,1,,,1,1,,3,2,6,5,4,1,6,,7,,8,5,1,,4,3,2,1,2,5,4,7,8,3,6,,,,,6,2,3,1,7,8,,,4,5,6,2,4,5,,,7,,8,3,1,2,7,3,5,6,,,,4,1,8,3,5,,6,,2,8,1,,7,4
48,5,10/25/2022 14:05,10/25/2022 14:12,0,EN,1,4,2,3,1,1,4,2,3,1,2,3,4,4,1,3,2,4,2,3,1,1,6,7,1,1,6,6,6,4,4,2,3,1,21,1,3,1,0,,1,,1,,1,1,,,1,1,,3,2,6,5,4,1,6,,7,,8,5,1,,4,3,2,1,2,5,4,7,8,3,6,,,,,6,2,3,1,7,8,,,4,5,6,2,4,5,,,7,,8,3,1,2,7,3,5,6,,,,4,1,8,3,5,,6,,2,8,1,,7,4
49,0,10/25/2022 15:22,10/25/2022 15:32,0,EN,1,3,1,2,4,1,4,3,2,4,3,2,1,2,1,3,4,4,2,3,1,1,6,2,3,3,4,4,3,2,3,2,1,4,20,0,-1,1,0,1,,,1,,1,,1,,1,,1,1,3,4,2,6,5,,,7,,8,5,1,6,3,4,2,1,2,4,5,7,8,3,6,,,,,6,2,5,1,7,8,,,4,3,,2,5,3,6,,7,,8,4,1,2,7,4,5,6,,,,3,1,8,4,3,,,,2,8,1,6,7,5
49,1,10/25/2022 15:22,10/25/2022 15:32,0,EN,1,3,1,2,4,1,4,3,2,4,3,2,1,2,1,3,4,4,2,3,1,1,7,7,3,4,6,3,5,6,3,2,1,4,20,0,-1,1,1,1,,,1,,1,,1,,1,,1,1,3,4,2,6,5,,,7,,8,5,1,6,3,4,2,1,2,4,5,7,8,3,6,,,,,6,2,5,1,7,8,,,4,3,,2,5,3,6,,7,,8,4,1,2,7,4,5,6,,,,3,1,8,4,3,,,,2,8,1,6,7,5
49,2,10/25/2022 15:22,10/25/2022 15:32,0,EN,1,3,1,2,4,1,4,3,2,4,3,2,1,2,1,3,4,4,2,3,1,1,2,6,3,4,6,3,5,3,3,2,1,4,20,0,-1,1,1,1,,,1,,1,,1,,1,,1,1,3,4,2,6,5,,,7,,8,5,1,6,3,4,2,1,2,4,5,7,8,3,6,,,,,6,2,5,1,7,8,,,4,3,,2,5,3,6,,7,,8,4,1,2,7,4,5,6,,,,3,1,8,4,3,,,,2,8,1,6,7,5
49,3,10/25/2022 15:22,10/25/2022 15:32,0,EN,1,3,1,2,4,1,4,3,2,4,3,2,1,2,1,3,4,4,2,3,1,0,6,6,5,4,5,5,4,5,3,2,1,4,20,0,-1,1,1,1,,,1,,1,,1,,1,,1,1,3,4,2,6,5,,,7,,8,5,1,6,3,4,2,1,2,4,5,7,8,3,6,,,,,6,2,5,1,7,8,,,4,3,,2,5,3,6,,7,,8,4,1,2,7,4,5,6,,,,3,1,8,4,3,,,,2,8,1,6,7,5
49,4,10/25/2022 15:22,10/25/2022 15:32,0,EN,1,3,1,2,4,1,4,3,2,4,3,2,1,2,1,3,4,4,2,3,1,2,6,2,4,2,4,3,4,5,3,2,1,4,20,0,-1,1,1,1,,,1,,1,,1,,1,,1,1,3,4,2,6,5,,,7,,8,5,1,6,3,4,2,1,2,4,5,7,8,3,6,,,,,6,2,5,1,7,8,,,4,3,,2,5,3,6,,7,,8,4,1,2,7,4,5,6,,,,3,1,8,4,3,,,,2,8,1,6,7,5
49,5,10/25/2022 15:22,10/25/2022 15:32,0,EN,1,3,1,2,4,1,4,3,2,4,3,2,1,2,1,3,4,4,2,3,1,1,7,8,3,4,5,5,6,6,3,2,1,4,20,0,-1,1,1,1,,,1,,1,,1,,1,,1,1,3,4,2,6,5,,,7,,8,5,1,6,3,4,2,1,2,4,5,7,8,3,6,,,,,6,2,5,1,7,8,,,4,3,,2,5,3,6,,7,,8,4,1,2,7,4,5,6,,,,3,1,8,4,3,,,,2,8,1,6,7,5
50,0,10/25/2022 16:47,10/25/2022 17:04,0,EN,1,2,1,4,3,4,1,3,2,1,4,3,2,1,2,3,4,4,3,1,2,1,7,7,4,4,6,6,6,6,1,2,4,3,18,1,1,1,1,,1,,1,,1,,1,1,,,1,4,3,5,1,2,6,6,,7,,8,4,1,,5,3,2,1,2,4,5,7,8,3,6,,,,,6,2,5,1,7,8,,,4,3,,2,5,4,6,,7,,8,3,1,2,7,5,3,,,6,,4,1,8,5,4,,,,2,8,1,6,7,3
50,1,10/25/2022 16:47,10/25/2022 17:04,0,EN,1,2,1,4,3,4,1,3,2,1,4,3,2,1,2,3,4,4,3,1,2,0,6,2,3,2,4,3,4,3,1,2,4,3,18,1,1,1,1,,1,,1,,1,,1,1,,,1,4,3,5,1,2,6,6,,7,,8,4,1,,5,3,2,1,2,4,5,7,8,3,6,,,,,6,2,5,1,7,8,,,4,3,,2,5,4,6,,7,,8,3,1,2,7,5,3,,,6,,4,1,8,5,4,,,,2,8,1,6,7,3
50,2,10/25/2022 16:47,10/25/2022 17:04,0,EN,1,2,1,4,3,4,1,3,2,1,4,3,2,1,2,3,4,4,3,1,2,1,7,8,4,4,6,6,6,6,1,2,4,3,18,1,1,1,1,,1,,1,,1,,1,1,,,1,4,3,5,1,2,6,6,,7,,8,4,1,,5,3,2,1,2,4,5,7,8,3,6,,,,,6,2,5,1,7,8,,,4,3,,2,5,4,6,,7,,8,3,1,2,7,5,3,,,6,,4,1,8,5,4,,,,2,8,1,6,7,3
50,3,10/25/2022 16:47,10/25/2022 17:04,0,EN,1,2,1,4,3,4,1,3,2,1,4,3,2,1,2,3,4,4,3,1,2,0,7,6,3,3,6,5,6,2,1,2,4,3,18,1,1,1,1,,1,,1,,1,,1,1,,,1,4,3,5,1,2,6,6,,7,,8,4,1,,5,3,2,1,2,4,5,7,8,3,6,,,,,6,2,5,1,7,8,,,4,3,,2,5,4,6,,7,,8,3,1,2,7,5,3,,,6,,4,1,8,5,4,,,,2,8,1,6,7,3
50,4,10/25/2022 16:47,10/25/2022 17:04,0,EN,1,2,1,4,3,4,1,3,2,1,4,3,2,1,2,3,4,4,3,1,2,2,2,2,4,4,4,4,5,5,1,2,4,3,18,1,1,1,0,,1,,1,,1,,1,1,,,1,4,3,5,1,2,6,6,,7,,8,4,1,,5,3,2,1,2,4,5,7,8,3,6,,,,,6,2,5,1,7,8,,,4,3,,2,5,4,6,,7,,8,3,1,2,7,5,3,,,6,,4,1,8,5,4,,,,2,8,1,6,7,3
50,5,10/25/2022 16:47,10/25/2022 17:04,0,EN,1,2,1,4,3,4,1,3,2,1,4,3,2,1,2,3,4,4,3,1,2,1,7,7,4,4,6,6,6,6,1,2,4,3,18,1,1,1,1,,1,,1,,1,,1,1,,,1,4,3,5,1,2,6,6,,7,,8,4,1,,5,3,2,1,2,4,5,7,8,3,6,,,,,6,2,5,1,7,8,,,4,3,,2,5,4,6,,7,,8,3,1,2,7,5,3,,,6,,4,1,8,5,4,,,,2,8,1,6,7,3
51,0,10/25/2022 17:09,10/25/2022 17:24,0,EN,1,3,4,1,2,2,3,1,4,4,3,2,1,2,4,1,3,4,2,3,1,0,2,2,3,2,5,4,5,4,1,3,4,2,20,0,-2,1,1,,1,1,,1,,1,,1,,,1,5,1,6,2,3,4,6,,7,,8,4,1,,3,5,2,1,2,3,4,7,8,5,,,,6,6,,2,5,1,7,8,,,3,4,,2,3,4,,,7,6,8,5,1,2,7,4,5,,,,6,3,1,8,3,5,,,,2,8,1,6,7,4
51,1,10/25/2022 17:09,10/25/2022 17:24,0,EN,1,3,4,1,2,2,3,1,4,4,3,2,1,2,4,1,3,4,2,3,1,1,6,6,4,3,5,6,5,4,1,3,4,2,20,0,-2,1,0,,1,1,,1,,1,,1,,,1,5,1,6,2,3,4,6,,7,,8,4,1,,3,5,2,1,2,3,4,7,8,5,,,,6,6,,2,5,1,7,8,,,3,4,,2,3,4,,,7,6,8,5,1,2,7,4,5,,,,6,3,1,8,3,5,,,,2,8,1,6,7,4
51,2,10/25/2022 17:09,10/25/2022 17:24,0,EN,1,3,4,1,2,2,3,1,4,4,3,2,1,2,4,1,3,4,2,3,1,1,7,6,2,2,5,5,4,5,1,3,4,2,20,0,-2,1,0,,1,1,,1,,1,,1,,,1,5,1,6,2,3,4,6,,7,,8,4,1,,3,5,2,1,2,3,4,7,8,5,,,,6,6,,2,5,1,7,8,,,3,4,,2,3,4,,,7,6,8,5,1,2,7,4,5,,,,6,3,1,8,3,5,,,,2,8,1,6,7,4
51,3,10/25/2022 17:09,10/25/2022 17:24,0,EN,1,3,4,1,2,2,3,1,4,4,3,2,1,2,4,1,3,4,2,3,1,0,6,6,4,4,5,5,6,4,1,3,4,2,20,0,-2,1,0,,1,1,,1,,1,,1,,,1,5,1,6,2,3,4,6,,7,,8,4,1,,3,5,2,1,2,3,4,7,8,5,,,,6,6,,2,5,1,7,8,,,3,4,,2,3,4,,,7,6,8,5,1,2,7,4,5,,,,6,3,1,8,3,5,,,,2,8,1,6,7,4
51,4,10/25/2022 17:09,10/25/2022 17:24,0,EN,1,3,4,1,2,2,3,1,4,4,3,2,1,2,4,1,3,4,2,3,1,1,6,6,2,3,5,5,4,4,1,3,4,2,20,0,-2,1,0,,1,1,,1,,1,,1,,,1,5,1,6,2,3,4,6,,7,,8,4,1,,3,5,2,1,2,3,4,7,8,5,,,,6,6,,2,5,1,7,8,,,3,4,,2,3,4,,,7,6,8,5,1,2,7,4,5,,,,6,3,1,8,3,5,,,,2,8,1,6,7,4
51,5,10/25/2022 17:09,10/25/2022 17:24,0,EN,1,3,4,1,2,2,3,1,4,4,3,2,1,2,4,1,3,4,2,3,1,1,6,6,3,2,5,6,4,4,1,3,4,2,20,0,-2,1,1,,1,1,,1,,1,,1,,,1,5,1,6,2,3,4,6,,7,,8,4,1,,3,5,2,1,2,3,4,7,8,5,,,,6,6,,2,5,1,7,8,,,3,4,,2,3,4,,,7,6,8,5,1,2,7,4,5,,,,6,3,1,8,3,5,,,,2,8,1,6,7,4
52,0,10/25/2022 21:50,10/25/2022 22:03,0,EN,1,1,3,2,4,4,2,1,3,3,2,1,4,1,2,3,4,1,2,4,3,0,2,2,3,2,4,3,2,3,1,3,2,4,21,1,1,1,1,,1,1,,1,,1,,,1,1,,5,2,4,6,1,3,6,,7,,8,4,1,,5,3,2,1,2,5,3,7,8,4,,,6,,,,2,5,1,7,8,,6,3,4,,2,3,4,,,7,6,8,5,1,2,7,4,3,6,,,,5,1,8,4,3,,6,,2,8,1,,7,5
52,1,10/25/2022 21:50,10/25/2022 22:03,0,EN,1,1,3,2,4,4,2,1,3,3,2,1,4,1,2,3,4,1,2,4,3,0,6,7,4,4,6,4,2,4,1,3,2,4,21,1,1,1,0,,1,1,,1,,1,,,1,1,,5,2,4,6,1,3,6,,7,,8,4,1,,5,3,2,1,2,5,3,7,8,4,,,6,,,,2,5,1,7,8,,6,3,4,,2,3,4,,,7,6,8,5,1,2,7,4,3,6,,,,5,1,8,4,3,,6,,2,8,1,,7,5
52,2,10/25/2022 21:50,10/25/2022 22:03,0,EN,1,1,3,2,4,4,2,1,3,3,2,1,4,1,2,3,4,1,2,4,3,1,6,6,4,3,4,4,4,4,1,3,2,4,21,1,1,1,0,,1,1,,1,,1,,,1,1,,5,2,4,6,1,3,6,,7,,8,4,1,,5,3,2,1,2,5,3,7,8,4,,,6,,,,2,5,1,7,8,,6,3,4,,2,3,4,,,7,6,8,5,1,2,7,4,3,6,,,,5,1,8,4,3,,6,,2,8,1,,7,5
52,3,10/25/2022 21:50,10/25/2022 22:03,0,EN,1,1,3,2,4,4,2,1,3,3,2,1,4,1,2,3,4,1,2,4,3,1,6,6,3,3,4,4,4,4,1,3,2,4,21,1,1,1,0,,1,1,,1,,1,,,1,1,,5,2,4,6,1,3,6,,7,,8,4,1,,5,3,2,1,2,5,3,7,8,4,,,6,,,,2,5,1,7,8,,6,3,4,,2,3,4,,,7,6,8,5,1,2,7,4,3,6,,,,5,1,8,4,3,,6,,2,8,1,,7,5
52,4,10/25/2022 21:50,10/25/2022 22:03,0,EN,1,1,3,2,4,4,2,1,3,3,2,1,4,1,2,3,4,1,2,4,3,2,2,2,3,2,1,2,1,2,1,3,2,4,21,1,1,1,1,,1,1,,1,,1,,,1,1,,5,2,4,6,1,3,6,,7,,8,4,1,,5,3,2,1,2,5,3,7,8,4,,,6,,,,2,5,1,7,8,,6,3,4,,2,3,4,,,7,6,8,5,1,2,7,4,3,6,,,,5,1,8,4,3,,6,,2,8,1,,7,5
52,5,10/25/2022 21:50,10/25/2022 22:03,0,EN,1,1,3,2,4,4,2,1,3,3,2,1,4,1,2,3,4,1,2,4,3,1,6,6,3,3,5,4,5,4,1,3,2,4,21,1,1,1,0,,1,1,,1,,1,,,1,1,,5,2,4,6,1,3,6,,7,,8,4,1,,5,3,2,1,2,5,3,7,8,4,,,6,,,,2,5,1,7,8,,6,3,4,,2,3,4,,,7,6,8,5,1,2,7,4,3,6,,,,5,1,8,4,3,,6,,2,8,1,,7,5
53,0,10/25/2022 23:46,10/26/2022 0:02,0,EN,1,2,3,1,4,1,2,3,4,4,3,2,1,2,1,3,4,4,1,2,3,1,6,6,3,3,4,4,4,4,3,1,4,2,18,1,-2,1,1,,1,,1,,1,1,,1,,,1,2,6,1,5,3,4,6,,7,,8,3,1,,4,5,2,1,2,5,4,7,8,3,6,,,,,6,2,3,1,7,8,,,5,4,6,2,3,4,,,7,,8,5,1,2,7,3,5,,6,,,4,1,8,5,3,,,,2,8,1,6,7,4
53,1,10/25/2022 23:46,10/26/2022 0:02,0,EN,1,2,3,1,4,1,2,3,4,4,3,2,1,2,1,3,4,4,1,2,3,1,7,7,4,4,6,6,5,6,3,1,4,2,18,1,-2,1,1,,1,,1,,1,1,,1,,,1,2,6,1,5,3,4,6,,7,,8,3,1,,4,5,2,1,2,5,4,7,8,3,6,,,,,6,2,3,1,7,8,,,5,4,6,2,3,4,,,7,,8,5,1,2,7,3,5,,6,,,4,1,8,5,3,,,,2,8,1,6,7,4
53,2,10/25/2022 23:46,10/26/2022 0:02,0,EN,1,2,3,1,4,1,2,3,4,4,3,2,1,2,1,3,4,4,1,2,3,1,6,7,4,4,5,6,4,5,3,1,4,2,18,1,-2,1,1,,1,,1,,1,1,,1,,,1,2,6,1,5,3,4,6,,7,,8,3,1,,4,5,2,1,2,5,4,7,8,3,6,,,,,6,2,3,1,7,8,,,5,4,6,2,3,4,,,7,,8,5,1,2,7,3,5,,6,,,4,1,8,5,3,,,,2,8,1,6,7,4
53,3,10/25/2022 23:46,10/26/2022 0:02,0,EN,1,2,3,1,4,1,2,3,4,4,3,2,1,2,1,3,4,4,1,2,3,0,6,2,2,2,6,3,4,2,3,1,4,2,18,1,-2,1,0,,1,,1,,1,1,,1,,,1,2,6,1,5,3,4,6,,7,,8,3,1,,4,5,2,1,2,5,4,7,8,3,6,,,,,6,2,3,1,7,8,,,5,4,6,2,3,4,,,7,,8,5,1,2,7,3,5,,6,,,4,1,8,5,3,,,,2,8,1,6,7,4
53,4,10/25/2022 23:46,10/26/2022 0:02,0,EN,1,2,3,1,4,1,2,3,4,4,3,2,1,2,1,3,4,4,1,2,3,1,7,7,3,3,6,6,4,6,3,1,4,2,18,1,-2,1,0,,1,,1,,1,1,,1,,,1,2,6,1,5,3,4,6,,7,,8,3,1,,4,5,2,1,2,5,4,7,8,3,6,,,,,6,2,3,1,7,8,,,5,4,6,2,3,4,,,7,,8,5,1,2,7,3,5,,6,,,4,1,8,5,3,,,,2,8,1,6,7,4
53,5,10/25/2022 23:46,10/26/2022 0:02,0,EN,1,2,3,1,4,1,2,3,4,4,3,2,1,2,1,3,4,4,1,2,3,1,7,7,4,4,6,6,4,6,3,1,4,2,18,1,-2,1,1,,1,,1,,1,1,,1,,,1,2,6,1,5,3,4,6,,7,,8,3,1,,4,5,2,1,2,5,4,7,8,3,6,,,,,6,2,3,1,7,8,,,5,4,6,2,3,4,,,7,,8,5,1,2,7,3,5,,6,,,4,1,8,5,3,,,,2,8,1,6,7,4
54,0,10/26/2022 15:06,10/26/2022 15:11,0,EN,1,4,3,2,1,3,2,4,1,3,1,2,4,4,3,2,1,2,1,4,3,1,7,6,4,2,6,7,4,5,1,4,2,3,18,1,-1,1,0,1,,,1,,1,,1,,1,,1,4,6,2,3,5,1,,,7,6,8,5,1,,3,4,2,1,2,3,4,7,8,5,6,,,,,6,2,4,1,7,8,,,3,5,,2,4,5,6,,7,,8,3,1,2,7,5,4,6,,,,3,1,8,4,5,,,,2,8,1,6,7,3
54,1,10/26/2022 15:06,10/26/2022 15:11,0,EN,1,4,3,2,1,3,2,4,1,3,1,2,4,4,3,2,1,2,1,4,3,0,2,7,3,5,5,3,4,3,1,4,2,3,18,1,-1,1,1,1,,,1,,1,,1,,1,,1,4,6,2,3,5,1,,,7,6,8,5,1,,3,4,2,1,2,3,4,7,8,5,6,,,,,6,2,4,1,7,8,,,3,5,,2,4,5,6,,7,,8,3,1,2,7,5,4,6,,,,3,1,8,4,5,,,,2,8,1,6,7,3
54,2,10/26/2022 15:06,10/26/2022 15:11,0,EN,1,4,3,2,1,3,2,4,1,3,1,2,4,4,3,2,1,2,1,4,3,0,2,6,5,5,5,7,5,3,1,4,2,3,18,1,-1,1,1,1,,,1,,1,,1,,1,,1,4,6,2,3,5,1,,,7,6,8,5,1,,3,4,2,1,2,3,4,7,8,5,6,,,,,6,2,4,1,7,8,,,3,5,,2,4,5,6,,7,,8,3,1,2,7,5,4,6,,,,3,1,8,4,5,,,,2,8,1,6,7,3
54,3,10/26/2022 15:06,10/26/2022 15:11,0,EN,1,4,3,2,1,3,2,4,1,3,1,2,4,4,3,2,1,2,1,4,3,1,7,2,5,5,4,4,6,7,1,4,2,3,18,1,-1,1,1,1,,,1,,1,,1,,1,,1,4,6,2,3,5,1,,,7,6,8,5,1,,3,4,2,1,2,3,4,7,8,5,6,,,,,6,2,4,1,7,8,,,3,5,,2,4,5,6,,7,,8,3,1,2,7,5,4,6,,,,3,1,8,4,5,,,,2,8,1,6,7,3
54,4,10/26/2022 15:06,10/26/2022 15:11,0,EN,1,4,3,2,1,3,2,4,1,3,1,2,4,4,3,2,1,2,1,4,3,2,2,6,4,2,3,6,2,5,1,4,2,3,18,1,-1,1,1,1,,,1,,1,,1,,1,,1,4,6,2,3,5,1,,,7,6,8,5,1,,3,4,2,1,2,3,4,7,8,5,6,,,,,6,2,4,1,7,8,,,3,5,,2,4,5,6,,7,,8,3,1,2,7,5,4,6,,,,3,1,8,4,5,,,,2,8,1,6,7,3
54,5,10/26/2022 15:06,10/26/2022 15:11,0,EN,1,4,3,2,1,3,2,4,1,3,1,2,4,4,3,2,1,2,1,4,3,1,6,1,5,4,6,2,5,7,1,4,2,3,18,1,-1,1,1,1,,,1,,1,,1,,1,,1,4,6,2,3,5,1,,,7,6,8,5,1,,3,4,2,1,2,3,4,7,8,5,6,,,,,6,2,4,1,7,8,,,3,5,,2,4,5,6,,7,,8,3,1,2,7,5,4,6,,,,3,1,8,4,5,,,,2,8,1,6,7,3
55,0,10/26/2022 15:03,10/26/2022 15:17,0,EN,1,2,1,3,4,3,4,1,2,4,3,1,2,2,1,4,3,4,1,2,3,0,2,6,2,2,4,3,3,2,1,3,2,4,20,1,1,1,0,1,,1,,1,,,1,,1,,1,6,4,2,3,5,1,,,7,6,8,3,1,,4,5,2,1,2,3,5,7,8,4,,,6,,,,2,4,1,7,8,6,,5,3,,2,3,4,6,,7,,8,5,1,2,7,5,3,6,,,,4,1,8,3,5,,,,2,8,1,6,7,4
55,1,10/26/2022 15:03,10/26/2022 15:17,0,EN,1,2,1,3,4,3,4,1,2,4,3,1,2,2,1,4,3,4,1,2,3,1,6,7,4,4,5,5,5,5,1,3,2,4,20,1,1,1,0,1,,1,,1,,,1,,1,,1,6,4,2,3,5,1,,,7,6,8,3,1,,4,5,2,1,2,3,5,7,8,4,,,6,,,,2,4,1,7,8,6,,5,3,,2,3,4,6,,7,,8,5,1,2,7,5,3,6,,,,4,1,8,3,5,,,,2,8,1,6,7,4
55,2,10/26/2022 15:03,10/26/2022 15:17,0,EN,1,2,1,3,4,3,4,1,2,4,3,1,2,2,1,4,3,4,1,2,3,1,7,7,3,3,6,6,6,6,1,3,2,4,20,1,1,1,0,1,,1,,1,,,1,,1,,1,6,4,2,3,5,1,,,7,6,8,3,1,,4,5,2,1,2,3,5,7,8,4,,,6,,,,2,4,1,7,8,6,,5,3,,2,3,4,6,,7,,8,5,1,2,7,5,3,6,,,,4,1,8,3,5,,,,2,8,1,6,7,4
55,3,10/26/2022 15:03,10/26/2022 15:17,0,EN,1,2,1,3,4,3,4,1,2,4,3,1,2,2,1,4,3,4,1,2,3,0,6,6,5,5,5,5,5,5,1,3,2,4,20,1,1,1,1,1,,1,,1,,,1,,1,,1,6,4,2,3,5,1,,,7,6,8,3,1,,4,5,2,1,2,3,5,7,8,4,,,6,,,,2,4,1,7,8,6,,5,3,,2,3,4,6,,7,,8,5,1,2,7,5,3,6,,,,4,1,8,3,5,,,,2,8,1,6,7,4
55,4,10/26/2022 15:03,10/26/2022 15:17,0,EN,1,2,1,3,4,3,4,1,2,4,3,1,2,2,1,4,3,4,1,2,3,2,6,2,2,2,4,3,3,3,1,3,2,4,20,1,1,1,1,1,,1,,1,,,1,,1,,1,6,4,2,3,5,1,,,7,6,8,3,1,,4,5,2,1,2,3,5,7,8,4,,,6,,,,2,4,1,7,8,6,,5,3,,2,3,4,6,,7,,8,5,1,2,7,5,3,6,,,,4,1,8,3,5,,,,2,8,1,6,7,4
55,5,10/26/2022 15:03,10/26/2022 15:17,0,EN,1,2,1,3,4,3,4,1,2,4,3,1,2,2,1,4,3,4,1,2,3,2,7,7,3,4,6,6,6,6,1,3,2,4,20,1,1,1,1,1,,1,,1,,,1,,1,,1,6,4,2,3,5,1,,,7,6,8,3,1,,4,5,2,1,2,3,5,7,8,4,,,6,,,,2,4,1,7,8,6,,5,3,,2,3,4,6,,7,,8,5,1,2,7,5,3,6,,,,4,1,8,3,5,,,,2,8,1,6,7,4
56,0,10/26/2022 15:38,10/26/2022 15:50,0,EN,1,1,4,2,3,3,2,1,4,1,2,4,3,3,2,4,1,3,1,4,2,0,7,6,3,2,6,5,6,3,2,4,3,1,18,1,2,1,1,,1,1,,1,,,1,,1,1,,1,2,4,3,5,6,6,,7,,8,4,1,,3,5,2,1,2,3,4,7,8,5,,,,6,,,2,4,1,7,8,6,,5,3,,2,4,5,6,,7,,8,3,1,2,7,4,5,6,,,,3,1,8,3,4,,,6,2,8,1,,7,5
56,1,10/26/2022 15:38,10/26/2022 15:50,0,EN,1,1,4,2,3,3,2,1,4,1,2,4,3,3,2,4,1,3,1,4,2,1,7,7,3,4,6,5,6,4,2,4,3,1,18,1,2,1,0,,1,1,,1,,,1,,1,1,,1,2,4,3,5,6,6,,7,,8,4,1,,3,5,2,1,2,3,4,7,8,5,,,,6,,,2,4,1,7,8,6,,5,3,,2,4,5,6,,7,,8,3,1,2,7,4,5,6,,,,3,1,8,3,4,,,6,2,8,1,,7,5
56,2,10/26/2022 15:38,10/26/2022 15:50,0,EN,1,1,4,2,3,3,2,1,4,1,2,4,3,3,2,4,1,3,1,4,2,1,7,7,2,2,5,5,5,5,2,4,3,1,18,1,2,1,0,,1,1,,1,,,1,,1,1,,1,2,4,3,5,6,6,,7,,8,4,1,,3,5,2,1,2,3,4,7,8,5,,,,6,,,2,4,1,7,8,6,,5,3,,2,4,5,6,,7,,8,3,1,2,7,4,5,6,,,,3,1,8,3,4,,,6,2,8,1,,7,5
56,3,10/26/2022 15:38,10/26/2022 15:50,0,EN,1,1,4,2,3,3,2,1,4,1,2,4,3,3,2,4,1,3,1,4,2,1,8,7,4,5,7,6,7,6,2,4,3,1,18,1,2,1,1,,1,1,,1,,,1,,1,1,,1,2,4,3,5,6,6,,7,,8,4,1,,3,5,2,1,2,3,4,7,8,5,,,,6,,,2,4,1,7,8,6,,5,3,,2,4,5,6,,7,,8,3,1,2,7,4,5,6,,,,3,1,8,3,4,,,6,2,8,1,,7,5
56,4,10/26/2022 15:38,10/26/2022 15:50,0,EN,1,1,4,2,3,3,2,1,4,1,2,4,3,3,2,4,1,3,1,4,2,2,6,6,3,2,6,4,6,3,2,4,3,1,18,1,2,1,1,,1,1,,1,,,1,,1,1,,1,2,4,3,5,6,6,,7,,8,4,1,,3,5,2,1,2,3,4,7,8,5,,,,6,,,2,4,1,7,8,6,,5,3,,2,4,5,6,,7,,8,3,1,2,7,4,5,6,,,,3,1,8,3,4,,,6,2,8,1,,7,5
56,5,10/26/2022 15:38,10/26/2022 15:50,0,EN,1,1,4,2,3,3,2,1,4,1,2,4,3,3,2,4,1,3,1,4,2,2,6,6,4,4,6,4,6,3,2,4,3,1,18,1,2,1,0,,1,1,,1,,,1,,1,1,,1,2,4,3,5,6,6,,7,,8,4,1,,3,5,2,1,2,3,4,7,8,5,,,,6,,,2,4,1,7,8,6,,5,3,,2,4,5,6,,7,,8,3,1,2,7,4,5,6,,,,3,1,8,3,4,,,6,2,8,1,,7,5
57,0,11/3/2022 12:33,11/3/2022 12:37,0,EN,1,3,2,4,1,1,4,2,3,2,3,4,1,2,3,4,1,3,4,2,1,0,2,6,4,2,3,3,4,2,4,1,2,3,20,1,-2,1,1,,1,1,,1,,1,,,1,1,,3,5,4,6,1,2,6,,7,,8,3,1,,4,5,2,1,2,4,3,7,8,5,,,6,,,,2,4,1,7,8,6,,5,3,,2,4,5,,,7,6,8,3,1,2,7,3,4,6,,,,5,1,8,5,3,,,6,2,8,1,,7,4
57,1,11/3/2022 12:33,11/3/2022 12:37,0,EN,1,3,2,4,1,1,4,2,3,2,3,4,1,2,3,4,1,3,4,2,1,0,6,6,3,3,3,4,5,4,4,1,2,3,20,1,-2,1,0,,1,1,,1,,1,,,1,1,,3,5,4,6,1,2,6,,7,,8,3,1,,4,5,2,1,2,4,3,7,8,5,,,6,,,,2,4,1,7,8,6,,5,3,,2,4,5,,,7,6,8,3,1,2,7,3,4,6,,,,5,1,8,5,3,,,6,2,8,1,,7,4
57,2,11/3/2022 12:33,11/3/2022 12:37,0,EN,1,3,2,4,1,1,4,2,3,2,3,4,1,2,3,4,1,3,4,2,1,1,2,6,3,2,4,4,4,4,4,1,2,3,20,1,-2,1,0,,1,1,,1,,1,,,1,1,,3,5,4,6,1,2,6,,7,,8,3,1,,4,5,2,1,2,4,3,7,8,5,,,6,,,,2,4,1,7,8,6,,5,3,,2,4,5,,,7,6,8,3,1,2,7,3,4,6,,,,5,1,8,5,3,,,6,2,8,1,,7,4
57,3,11/3/2022 12:33,11/3/2022 12:37,0,EN,1,3,2,4,1,1,4,2,3,2,3,4,1,2,3,4,1,3,4,2,1,0,6,2,3,3,4,4,5,4,4,1,2,3,20,1,-2,1,0,,1,1,,1,,1,,,1,1,,3,5,4,6,1,2,6,,7,,8,3,1,,4,5,2,1,2,4,3,7,8,5,,,6,,,,2,4,1,7,8,6,,5,3,,2,4,5,,,7,6,8,3,1,2,7,3,4,6,,,,5,1,8,5,3,,,6,2,8,1,,7,4
57,4,11/3/2022 12:33,11/3/2022 12:37,0,EN,1,3,2,4,1,1,4,2,3,2,3,4,1,2,3,4,1,3,4,2,1,2,6,6,3,3,6,3,5,2,4,1,2,3,20,1,-2,1,1,,1,1,,1,,1,,,1,1,,3,5,4,6,1,2,6,,7,,8,3,1,,4,5,2,1,2,4,3,7,8,5,,,6,,,,2,4,1,7,8,6,,5,3,,2,4,5,,,7,6,8,3,1,2,7,3,4,6,,,,5,1,8,5,3,,,6,2,8,1,,7,4
57,5,11/3/2022 12:33,11/3/2022 12:37,0,EN,1,3,2,4,1,1,4,2,3,2,3,4,1,2,3,4,1,3,4,2,1,1,6,6,2,4,3,4,3,5,4,1,2,3,20,1,-2,1,0,,1,1,,1,,1,,,1,1,,3,5,4,6,1,2,6,,7,,8,3,1,,4,5,2,1,2,4,3,7,8,5,,,6,,,,2,4,1,7,8,6,,5,3,,2,4,5,,,7,6,8,3,1,2,7,3,4,6,,,,5,1,8,5,3,,,6,2,8,1,,7,4
58,0,11/4/2022 9:28,11/4/2022 9:37,0,EN,1,4,2,3,1,2,3,4,1,2,1,3,4,3,2,4,1,2,4,1,3,0,6,6,2,2,4,4,3,4,2,4,3,1,18,1,3,1,0,1,,,1,1,,1,,1,,,1,1,2,4,3,6,5,,6,7,,8,5,1,,4,3,2,1,2,4,3,7,8,5,6,,,,,,2,3,1,7,8,6,,5,4,,2,4,3,,,7,6,8,5,1,2,7,5,4,,,6,,3,1,8,4,3,,,,2,8,1,6,7,5
58,1,11/4/2022 9:28,11/4/2022 9:37,0,EN,1,4,2,3,1,2,3,4,1,2,1,3,4,3,2,4,1,2,4,1,3,1,7,6,4,4,5,5,4,5,2,4,3,1,18,1,3,1,1,1,,,1,1,,1,,1,,,1,1,2,4,3,6,5,,6,7,,8,5,1,,4,3,2,1,2,4,3,7,8,5,6,,,,,,2,3,1,7,8,6,,5,4,,2,4,3,,,7,6,8,5,1,2,7,5,4,,,6,,3,1,8,4,3,,,,2,8,1,6,7,5
58,2,11/4/2022 9:28,11/4/2022 9:37,0,EN,1,4,2,3,1,2,3,4,1,2,1,3,4,3,2,4,1,2,4,1,3,1,8,8,2,2,6,5,6,5,2,4,3,1,18,1,3,1,0,1,,,1,1,,1,,1,,,1,1,2,4,3,6,5,,6,7,,8,5,1,,4,3,2,1,2,4,3,7,8,5,6,,,,,,2,3,1,7,8,6,,5,4,,2,4,3,,,7,6,8,5,1,2,7,5,4,,,6,,3,1,8,4,3,,,,2,8,1,6,7,5
58,3,11/4/2022 9:28,11/4/2022 9:37,0,EN,1,4,2,3,1,2,3,4,1,2,1,3,4,3,2,4,1,2,4,1,3,0,2,2,2,4,3,3,2,2,2,4,3,1,18,1,3,1,0,1,,,1,1,,1,,1,,,1,1,2,4,3,6,5,,6,7,,8,5,1,,4,3,2,1,2,4,3,7,8,5,6,,,,,,2,3,1,7,8,6,,5,4,,2,4,3,,,7,6,8,5,1,2,7,5,4,,,6,,3,1,8,4,3,,,,2,8,1,6,7,5
58,4,11/4/2022 9:28,11/4/2022 9:37,0,EN,1,4,2,3,1,2,3,4,1,2,1,3,4,3,2,4,1,2,4,1,3,1,7,7,1,1,5,5,5,5,2,4,3,1,18,1,3,1,0,1,,,1,1,,1,,1,,,1,1,2,4,3,6,5,,6,7,,8,5,1,,4,3,2,1,2,4,3,7,8,5,6,,,,,,2,3,1,7,8,6,,5,4,,2,4,3,,,7,6,8,5,1,2,7,5,4,,,6,,3,1,8,4,3,,,,2,8,1,6,7,5
58,5,11/4/2022 9:28,11/4/2022 9:37,0,EN,1,4,2,3,1,2,3,4,1,2,1,3,4,3,2,4,1,2,4,1,3,1,7,6,3,4,5,5,5,4,2,4,3,1,18,1,3,1,1,1,,,1,1,,1,,1,,,1,1,2,4,3,6,5,,6,7,,8,5,1,,4,3,2,1,2,4,3,7,8,5,6,,,,,,2,3,1,7,8,6,,5,4,,2,4,3,,,7,6,8,5,1,2,7,5,4,,,6,,3,1,8,4,3,,,,2,8,1,6,7,5
59,0,11/4/2022 18:37,11/4/2022 18:44,0,EN,1,2,1,3,4,3,1,4,2,3,4,2,1,3,4,1,2,1,3,2,4,0,2,2,1,1,4,2,4,2,1,2,4,3,22,1,2,1,0,1,,1,,1,,1,,1,,1,,4,1,2,3,5,6,,6,7,,8,3,1,,4,5,2,1,2,3,4,7,8,5,,,,6,,,2,5,1,7,8,6,,4,3,,2,3,5,,6,7,,8,4,1,2,7,3,5,,6,,,4,1,8,4,3,,6,,2,8,1,,7,5
59,1,11/4/2022 18:37,11/4/2022 18:44,0,EN,1,2,1,3,4,3,1,4,2,3,4,2,1,3,4,1,2,1,3,2,4,1,6,6,2,3,5,4,4,2,1,2,4,3,22,1,2,1,0,1,,1,,1,,1,,1,,1,,4,1,2,3,5,6,,6,7,,8,3,1,,4,5,2,1,2,3,4,7,8,5,,,,6,,,2,5,1,7,8,6,,4,3,,2,3,5,,6,7,,8,4,1,2,7,3,5,,6,,,4,1,8,4,3,,6,,2,8,1,,7,5
59,2,11/4/2022 18:37,11/4/2022 18:44,0,EN,1,2,1,3,4,3,1,4,2,3,4,2,1,3,4,1,2,1,3,2,4,1,6,7,3,2,5,4,5,4,1,2,4,3,22,1,2,1,0,1,,1,,1,,1,,1,,1,,4,1,2,3,5,6,,6,7,,8,3,1,,4,5,2,1,2,3,4,7,8,5,,,,6,,,2,5,1,7,8,6,,4,3,,2,3,5,,6,7,,8,4,1,2,7,3,5,,6,,,4,1,8,4,3,,6,,2,8,1,,7,5
59,3,11/4/2022 18:37,11/4/2022 18:44,0,EN,1,2,1,3,4,3,1,4,2,3,4,2,1,3,4,1,2,1,3,2,4,0,1,6,2,2,4,4,4,4,1,2,4,3,22,1,2,1,0,1,,1,,1,,1,,1,,1,,4,1,2,3,5,6,,6,7,,8,3,1,,4,5,2,1,2,3,4,7,8,5,,,,6,,,2,5,1,7,8,6,,4,3,,2,3,5,,6,7,,8,4,1,2,7,3,5,,6,,,4,1,8,4,3,,6,,2,8,1,,7,5
59,4,11/4/2022 18:37,11/4/2022 18:44,0,EN,1,2,1,3,4,3,1,4,2,3,4,2,1,3,4,1,2,1,3,2,4,1,2,6,3,3,4,3,4,3,1,2,4,3,22,1,2,1,0,1,,1,,1,,1,,1,,1,,4,1,2,3,5,6,,6,7,,8,3,1,,4,5,2,1,2,3,4,7,8,5,,,,6,,,2,5,1,7,8,6,,4,3,,2,3,5,,6,7,,8,4,1,2,7,3,5,,6,,,4,1,8,4,3,,6,,2,8,1,,7,5
59,5,11/4/2022 18:37,11/4/2022 18:44,0,EN,1,2,1,3,4,3,1,4,2,3,4,2,1,3,4,1,2,1,3,2,4,2,6,6,3,3,4,4,3,3,1,2,4,3,22,1,2,1,0,1,,1,,1,,1,,1,,1,,4,1,2,3,5,6,,6,7,,8,3,1,,4,5,2,1,2,3,4,7,8,5,,,,6,,,2,5,1,7,8,6,,4,3,,2,3,5,,6,7,,8,4,1,2,7,3,5,,6,,,4,1,8,4,3,,6,,2,8,1,,7,5
60,0,11/6/2022 20:50,11/6/2022 21:00,0,EN,1,3,4,2,1,4,1,3,2,2,4,1,3,1,4,3,2,4,2,1,3,0,6,6,4,4,4,3,4,3,3,2,1,4,22,1,0,1,0,1,,,1,1,,,1,1,,1,,5,3,4,1,2,6,,,7,,8,5,1,6,4,3,2,1,2,5,3,7,8,4,6,,,,,,2,3,1,7,8,,6,5,4,,2,5,3,6,,7,,8,4,1,2,7,4,3,,6,,,5,1,8,4,3,,,6,2,8,1,,7,5
60,1,11/6/2022 20:50,11/6/2022 21:00,0,EN,1,3,4,2,1,4,1,3,2,2,4,1,3,1,4,3,2,4,2,1,3,1,6,7,4,4,4,4,4,4,3,2,1,4,22,1,0,1,1,1,,,1,1,,,1,1,,1,,5,3,4,1,2,6,,,7,,8,5,1,6,4,3,2,1,2,5,3,7,8,4,6,,,,,,2,3,1,7,8,,6,5,4,,2,5,3,6,,7,,8,4,1,2,7,4,3,,6,,,5,1,8,4,3,,,6,2,8,1,,7,5
60,2,11/6/2022 20:50,11/6/2022 21:00,0,EN,1,3,4,2,1,4,1,3,2,2,4,1,3,1,4,3,2,4,2,1,3,1,6,6,2,2,4,4,4,4,3,2,1,4,22,1,0,1,0,1,,,1,1,,,1,1,,1,,5,3,4,1,2,6,,,7,,8,5,1,6,4,3,2,1,2,5,3,7,8,4,6,,,,,,2,3,1,7,8,,6,5,4,,2,5,3,6,,7,,8,4,1,2,7,4,3,,6,,,5,1,8,4,3,,,6,2,8,1,,7,5
60,3,11/6/2022 20:50,11/6/2022 21:00,0,EN,1,3,4,2,1,4,1,3,2,2,4,1,3,1,4,3,2,4,2,1,3,0,6,6,4,4,6,6,6,4,3,2,1,4,22,1,0,1,1,1,,,1,1,,,1,1,,1,,5,3,4,1,2,6,,,7,,8,5,1,6,4,3,2,1,2,5,3,7,8,4,6,,,,,,2,3,1,7,8,,6,5,4,,2,5,3,6,,7,,8,4,1,2,7,4,3,,6,,,5,1,8,4,3,,,6,2,8,1,,7,5
60,4,11/6/2022 20:50,11/6/2022 21:00,0,EN,1,3,4,2,1,4,1,3,2,2,4,1,3,1,4,3,2,4,2,1,3,1,6,6,3,3,4,4,4,4,3,2,1,4,22,1,0,1,0,1,,,1,1,,,1,1,,1,,5,3,4,1,2,6,,,7,,8,5,1,6,4,3,2,1,2,5,3,7,8,4,6,,,,,,2,3,1,7,8,,6,5,4,,2,5,3,6,,7,,8,4,1,2,7,4,3,,6,,,5,1,8,4,3,,,6,2,8,1,,7,5
60,5,11/6/2022 20:50,11/6/2022 21:00,0,EN,1,3,4,2,1,4,1,3,2,2,4,1,3,1,4,3,2,4,2,1,3,2,6,6,3,3,4,4,4,4,3,2,1,4,22,1,0,1,0,1,,,1,1,,,1,1,,1,,5,3,4,1,2,6,,,7,,8,5,1,6,4,3,2,1,2,5,3,7,8,4,6,,,,,,2,3,1,7,8,,6,5,4,,2,5,3,6,,7,,8,4,1,2,7,4,3,,6,,,5,1,8,4,3,,,6,2,8,1,,7,5
61,0,11/7/2022 10:01,11/7/2022 10:10,0,EN,1,4,3,2,1,2,3,4,1,2,4,3,1,4,3,1,2,2,1,3,4,1,6,6,3,4,4,3,3,2,1,4,3,2,18,1,2,1,0,1,,1,,1,,1,,1,,,1,2,4,5,1,6,3,,,7,,8,4,1,6,3,5,2,1,2,4,5,7,8,3,,6,,,,,2,5,1,7,8,6,,4,3,6,2,3,5,,,7,,8,4,1,2,7,5,3,,6,,,4,1,8,5,3,,,,2,8,1,6,7,4
61,1,11/7/2022 10:01,11/7/2022 10:10,0,EN,1,4,3,2,1,2,3,4,1,2,4,3,1,4,3,1,2,2,1,3,4,0,6,2,2,2,4,3,3,2,1,4,3,2,18,1,2,1,0,1,,1,,1,,1,,1,,,1,2,4,5,1,6,3,,,7,,8,4,1,6,3,5,2,1,2,4,5,7,8,3,,6,,,,,2,5,1,7,8,6,,4,3,6,2,3,5,,,7,,8,4,1,2,7,5,3,,6,,,4,1,8,5,3,,,,2,8,1,6,7,4
61,2,11/7/2022 10:01,11/7/2022 10:10,0,EN,1,4,3,2,1,2,3,4,1,2,4,3,1,4,3,1,2,2,1,3,4,1,7,7,2,2,5,5,4,2,1,4,3,2,18,1,2,1,0,1,,1,,1,,1,,1,,,1,2,4,5,1,6,3,,,7,,8,4,1,6,3,5,2,1,2,4,5,7,8,3,,6,,,,,2,5,1,7,8,6,,4,3,6,2,3,5,,,7,,8,4,1,2,7,5,3,,6,,,4,1,8,5,3,,,,2,8,1,6,7,4
61,3,11/7/2022 10:01,11/7/2022 10:10,0,EN,1,4,3,2,1,2,3,4,1,2,4,3,1,4,3,1,2,2,1,3,4,0,7,6,3,3,5,4,4,3,1,4,3,2,18,1,2,1,0,1,,1,,1,,1,,1,,,1,2,4,5,1,6,3,,,7,,8,4,1,6,3,5,2,1,2,4,5,7,8,3,,6,,,,,2,5,1,7,8,6,,4,3,6,2,3,5,,,7,,8,4,1,2,7,5,3,,6,,,4,1,8,5,3,,,,2,8,1,6,7,4
61,4,11/7/2022 10:01,11/7/2022 10:10,0,EN,1,4,3,2,1,2,3,4,1,2,4,3,1,4,3,1,2,2,1,3,4,1,6,6,2,2,5,5,3,2,1,4,3,2,18,1,2,1,0,1,,1,,1,,1,,1,,,1,2,4,5,1,6,3,,,7,,8,4,1,6,3,5,2,1,2,4,5,7,8,3,,6,,,,,2,5,1,7,8,6,,4,3,6,2,3,5,,,7,,8,4,1,2,7,5,3,,6,,,4,1,8,5,3,,,,2,8,1,6,7,4
61,5,11/7/2022 10:01,11/7/2022 10:10,0,EN,1,4,3,2,1,2,3,4,1,2,4,3,1,4,3,1,2,2,1,3,4,1,7,7,3,3,5,6,5,3,1,4,3,2,18,1,2,1,1,1,,1,,1,,1,,1,,,1,2,4,5,1,6,3,,,7,,8,4,1,6,3,5,2,1,2,4,5,7,8,3,,6,,,,,2,5,1,7,8,6,,4,3,6,2,3,5,,,7,,8,4,1,2,7,5,3,,6,,,4,1,8,5,3,,,,2,8,1,6,7,4
